date,Carrots,Cabbages,Tomatoes,Import Red Onions,Import Big Onions,Import Potatoes,Import Chillies,Average Exchange Rate,Import Fuel Price
2020-01-01,390.0,190.0,150.0,550.0,116.0,120.0,460.0,181.4,70.44
2020-01-02,350.0,180.0,150.0,550.0,116.0,120.0,460.0,181.4,70.44
2020-01-03,430.0,175.0,190.0,550.0,136.0,135.0,460.0,181.4,70.44
2020-01-06,430.0,175.0,190.0,550.0,126.0,130.0,460.0,181.4,70.44
2020-01-07,350.0,175.0,190.0,550.0,,125.0,460.0,181.4,70.44
2020-01-08,380.0,175.0,175.0,550.0,119.0,133.0,460.0,181.4,70.44
2020-01-09,380.0,175.0,210.0,,119.0,130.0,540.0,181.4,70.44
2020-01-10,,,,,,,,181.4,70.44
2020-01-13,450.0,180.0,290.0,550.0,126.0,145.0,540.0,181.4,70.44
2020-01-14,430.0,180.0,280.0,550.0,122.0,145.0,540.0,181.4,70.44
2020-01-15,,,,,,,,181.4,70.44
2020-01-16,480.0,180.0,400.0,550.0,122.0,140.0,540.0,181.4,70.44
2020-01-17,490.0,180.0,400.0,550.0,122.0,145.0,540.0,181.4,70.44
2020-01-20,420.0,145.0,390.0,450.0,115.0,145.0,540.0,181.4,70.44
2020-01-21,480.0,150.0,400.0,460.0,116.0,145.0,550.0,181.4,70.44
2020-01-22,440.0,160.0,390.0,460.0,118.0,145.0,550.0,181.4,70.44
2020-01-23,440.0,160.0,380.0,460.0,118.0,145.0,550.0,181.4,70.44
2020-01-24,440.0,160.0,350.0,460.0,115.0,145.0,550.0,181.4,70.44
2020-01-27,480.0,160.0,460.0,520.0,115.0,110.0,550.0,181.4,70.44
2020-01-28,420.0,110.0,440.0,470.0,105.0,105.0,550.0,181.4,70.44
2020-01-29,450.0,160.0,400.0,460.0,118.0,145.0,550.0,181.4,70.44
2020-01-30,450.0,160.0,380.0,460.0,116.0,145.0,550.0,181.4,70.44
2020-01-31,450.0,160.0,390.0,500.0,118.0,140.0,550.0,181.4,70.44
2020-02-03,400.0,160.0,430.0,500.0,113.0,135.0,570.0,181.56,63.68
2020-02-04,,,,,,,,181.56,63.68
2020-02-05,400.0,160.0,400.0,500.0,113.0,143.0,570.0,181.56,63.68
2020-02-06,400.0,160.0,400.0,500.0,112.0,140.0,570.0,181.56,63.68
2020-02-07,350.0,160.0,400.0,500.0,108.0,140.0,570.0,181.56,63.68
2020-02-10,365.0,160.0,350.0,400.0,140.0,140.0,570.0,181.56,63.68
2020-02-11,400.0,160.0,375.0,400.0,155.0,140.0,570.0,181.56,63.68
2020-02-12,400.0,170.0,350.0,400.0,160.0,145.0,650.0,181.56,63.68
2020-02-13,400.0,170.0,350.0,400.0,165.0,110.0,650.0,181.56,63.68
2020-02-14,350.0,160.0,350.0,400.0,165.0,115.0,650.0,181.56,63.68
2020-02-17,280.0,155.0,335.0,350.0,150.0,105.0,650.0,181.56,63.68
2020-02-18,245.0,160.0,220.0,345.0,148.0,105.0,650.0,181.56,63.68
2020-02-19,205.0,160.0,200.0,350.0,135.0,115.0,650.0,181.56,63.68
2020-02-20,200.0,155.0,140.0,350.0,143.0,120.0,650.0,181.56,63.68
2020-02-21,,,,,,,,181.56,63.68
2020-02-24,200.0,145.0,200.0,350.0,165.0,105.0,600.0,181.56,63.68
2020-02-25,210.0,140.0,200.0,345.0,165.0,105.0,600.0,181.56,63.68
2020-02-26,200.0,130.0,190.0,345.0,165.0,100.0,600.0,181.56,63.68
2020-02-27,200.0,130.0,190.0,345.0,150.0,100.0,600.0,181.56,63.68
2020-02-28,200.0,120.0,190.0,345.0,165.0,100.0,600.0,181.56,63.68
2020-03-02,160.0,130.0,190.0,340.0,157.0,115.0,440.0,185.06,37.67
2020-03-03,190.0,130.0,180.0,340.0,158.0,120.0,440.0,185.06,37.67
2020-03-04,190.0,130.0,180.0,340.0,160.0,115.0,440.0,185.06,37.67
2020-03-05,200.0,120.0,145.0,300.0,155.0,120.0,440.0,185.06,37.67
2020-03-06,190.0,120.0,140.0,300.0,150.0,120.0,440.0,185.06,37.67
2020-03-09,,,,,,,,185.06,37.67
2020-03-10,190.0,120.0,120.0,225.0,160.0,120.0,440.0,185.06,37.67
2020-03-11,190.0,120.0,120.0,230.0,143.0,120.0,440.0,185.06,37.67
2020-03-12,190.0,120.0,120.0,230.0,135.0,115.0,440.0,185.06,37.67
2020-03-13,190.0,120.0,120.0,230.0,140.0,120.0,440.0,185.06,37.67
2020-03-16,,,,,,,,185.06,37.67
2020-03-17,160.0,120.0,120.0,300.0,195.0,115.0,440.0,185.06,37.67
2020-03-18,160.0,110.0,120.0,300.0,190.0,100.0,440.0,185.06,37.67
2020-03-19,160.0,110.0,110.0,300.0,140.0,100.0,440.0,185.06,37.67
2020-03-20,160.0,100.0,120.0,300.0,120.0,100.0,440.0,185.06,37.67
2020-03-23,,,,,,,,185.06,37.67
2020-03-24,180.0,120.0,120.0,300.0,160.0,100.0,440.0,185.06,37.67
2020-03-25,,,,,,,,185.06,37.67
2020-03-26,300.0,200.0,220.0,,155.0,180.0,440.0,185.06,37.67
2020-03-27,,,,,,,,185.06,37.67
2020-03-30,,,,,,,,185.06,37.67
2020-03-31,,,,,,,,185.06,37.67
2020-04-01,,,,,,,,193.09,19.56
2020-04-02,,,,,,,,193.09,19.56
2020-04-03,,,,,,,,193.09,19.56
2020-04-06,,,,,,,,193.09,19.56
2020-04-07,,,,,,,,193.09,19.56
2020-04-08,,,,,,,,193.09,19.56
2020-04-09,,,,,,,,193.09,19.56
2020-04-10,,,,,,,,193.09,19.56
2020-04-13,,,,,,,,193.09,19.56
2020-04-14,,,,,,,,193.09,19.56
2020-04-15,,,,,,,,193.09,19.56
2020-04-16,,,,,,,,193.09,19.56
2020-04-17,,,,,,,,193.09,19.56
2020-04-20,,,,,,,,193.09,19.56
2020-04-21,,,,,,,,193.09,19.56
2020-04-22,,,,,,,,193.09,19.56
2020-04-23,,,,,,,,193.09,19.56
2020-04-24,,,,,,,,193.09,19.56
2020-04-27,,,,,,,,193.09,19.56
2020-04-28,,,,,,,,193.09,19.56
2020-04-29,,,,,,,,193.09,19.56
2020-04-30,,,,,,,,193.09,19.56
2020-05-01,,,,,,,,187.87,25.44
2020-05-04,,,,,,,,187.87,25.44
2020-05-05,,,,,,,,187.87,25.44
2020-05-06,,,,,,,,187.87,25.44
2020-05-07,,,,,,,,187.87,25.44
2020-05-08,,,,,,,,187.87,25.44
2020-05-11,,,,,,,,187.87,25.44
2020-05-12,,,,,,,,187.87,25.44
2020-05-13,,,,,,,,187.87,25.44
2020-05-14,,,,,,,,187.87,25.44
2020-05-15,,,,,,,,187.87,25.44
2020-05-18,,,,,,,,187.87,25.44
2020-05-19,,,,,,,,187.87,25.44
2020-05-20,,,,,,,,187.87,25.44
2020-05-21,,,,,,,,187.87,25.44
2020-05-22,,,,,,,,187.87,25.44
2020-05-25,,,,,,,,187.87,25.44
2020-05-26,,,,,,,,187.87,25.44
2020-05-27,110.0,90.0,90.0,,80.0,100.0,450.0,187.87,25.44
2020-05-28,110.0,100.0,90.0,,80.0,100.0,450.0,187.87,25.44
2020-05-29,120.0,100.0,140.0,,100.0,130.0,450.0,187.87,25.44
2020-06-01,120.0,90.0,120.0,290.0,100.0,140.0,450.0,185.95,38.35
2020-06-02,130.0,100.0,120.0,290.0,100.0,140.0,490.0,185.95,38.35
2020-06-03,130.0,100.0,120.0,290.0,100.0,130.0,460.0,185.95,38.35
2020-06-04,,,,,,,,185.95,38.35
2020-06-05,,,,,,,,185.95,38.35
2020-06-08,180.0,140.0,170.0,290.0,70.0,140.0,450.0,185.95,38.35
2020-06-09,180.0,140.0,160.0,290.0,70.0,155.0,450.0,185.95,38.35
2020-06-10,180.0,140.0,150.0,280.0,75.0,150.0,450.0,185.95,38.35
2020-06-11,180.0,140.0,150.0,310.0,75.0,150.0,440.0,185.95,38.35
2020-06-12,180.0,140.0,150.0,310.0,80.0,150.0,440.0,185.95,38.35
2020-06-15,160.0,140.0,200.0,310.0,80.0,150.0,440.0,185.95,38.35
2020-06-16,140.0,140.0,200.0,310.0,80.0,150.0,440.0,185.95,38.35
2020-06-17,155.0,140.0,210.0,310.0,80.0,150.0,440.0,185.95,38.35
2020-06-18,100.0,100.0,170.0,310.0,80.0,150.0,440.0,185.95,38.35
2020-06-19,100.0,100.0,170.0,290.0,80.0,150.0,440.0,185.95,38.35
2020-06-22,140.0,100.0,200.0,280.0,80.0,150.0,440.0,185.95,38.35
2020-06-23,170.0,100.0,200.0,275.0,75.0,150.0,440.0,185.95,38.35
2020-06-24,180.0,100.0,200.0,260.0,75.0,150.0,440.0,185.95,38.35
2020-06-25,180.0,100.0,190.0,260.0,75.0,150.0,440.0,185.95,38.35
2020-06-26,180.0,100.0,200.0,260.0,80.0,150.0,440.0,185.95,38.35
2020-06-29,170.0,100.0,200.0,260.0,75.0,125.0,440.0,185.95,38.35
2020-06-30,170.0,100.0,200.0,260.0,75.0,125.0,440.0,185.95,38.35
2020-07-01,160.0,100.0,200.0,260.0,75.0,125.0,440.0,185.85,46.23
2020-07-02,160.0,100.0,200.0,260.0,75.0,125.0,440.0,185.85,46.23
2020-07-03,160.0,120.0,135.0,260.0,75.0,120.0,440.0,185.85,46.23
2020-07-06,140.0,100.0,190.0,260.0,75.0,125.0,420.0,185.85,46.23
2020-07-07,130.0,95.0,175.0,200.0,75.0,125.0,420.0,185.85,46.23
2020-07-08,120.0,95.0,175.0,200.0,75.0,120.0,420.0,185.85,46.23
2020-07-09,130.0,95.0,175.0,180.0,75.0,125.0,420.0,185.85,46.23
2020-07-10,140.0,110.0,120.0,180.0,80.0,150.0,420.0,185.85,46.23
2020-07-13,140.0,110.0,120.0,180.0,85.0,180.0,420.0,185.85,46.23
2020-07-14,130.0,110.0,120.0,180.0,85.0,180.0,420.0,185.85,46.23
2020-07-15,120.0,110.0,120.0,180.0,85.0,190.0,420.0,185.85,46.23
2020-07-16,120.0,110.0,100.0,170.0,85.0,190.0,420.0,185.85,46.23
2020-07-17,120.0,110.0,100.0,170.0,75.0,170.0,420.0,185.85,46.23
2020-07-20,120.0,120.0,100.0,160.0,70.0,165.0,420.0,185.85,46.23
2020-07-21,120.0,120.0,100.0,160.0,70.0,160.0,420.0,185.85,46.23
2020-07-22,120.0,110.0,100.0,160.0,70.0,135.0,420.0,185.85,46.23
2020-07-23,130.0,140.0,95.0,160.0,70.0,135.0,420.0,185.85,46.23
2020-07-24,120.0,130.0,90.0,160.0,70.0,135.0,420.0,185.85,46.23
2020-07-27,120.0,130.0,80.0,140.0,75.0,135.0,420.0,185.85,46.23
2020-07-28,120.0,130.0,80.0,140.0,75.0,145.0,420.0,185.85,46.23
2020-07-29,125.0,135.0,70.0,140.0,83.0,150.0,420.0,185.85,46.23
2020-07-30,140.0,130.0,65.0,140.0,88.0,148.0,420.0,185.85,46.23
2020-07-31,130.0,140.0,67.0,155.0,90.0,148.0,450.0,185.85,46.23
2020-08-03,,,,,,,,184.89,47.74
2020-08-04,160.0,140.0,78.0,170.0,103.0,153.0,450.0,184.89,47.74
2020-08-05,137.0,150.0,60.0,170.0,100.0,150.0,450.0,184.89,47.74
2020-08-06,240.0,170.0,65.0,,100.0,145.0,450.0,184.89,47.74
2020-08-07,200.0,195.0,80.0,,100.0,145.0,450.0,184.89,47.74
2020-08-10,100.0,130.0,73.0,,120.0,142.0,450.0,184.89,47.74
2020-08-11,125.0,120.0,68.0,,125.0,138.0,450.0,184.89,47.74
2020-08-12,140.0,130.0,80.0,,120.0,135.0,450.0,184.89,47.74
2020-08-13,120.0,130.0,70.0,,120.0,133.0,435.0,184.89,47.74
2020-08-14,140.0,140.0,77.0,,120.0,137.0,420.0,184.89,47.74
2020-08-17,120.0,170.0,80.0,,115.0,130.0,420.0,184.89,47.74
2020-08-18,120.0,155.0,73.0,,113.0,130.0,420.0,184.89,47.74
2020-08-19,125.0,160.0,77.0,,125.0,130.0,420.0,184.89,47.74
2020-08-20,120.0,150.0,88.0,,120.0,125.0,420.0,184.89,47.74
2020-08-21,135.0,170.0,88.0,180.0,125.0,135.0,420.0,184.89,47.74
2020-08-24,180.0,170.0,85.0,,120.0,130.0,420.0,184.89,47.74
2020-08-25,160.0,180.0,85.0,,120.0,130.0,420.0,184.89,47.74
2020-08-26,150.0,175.0,90.0,130.0,120.0,130.0,420.0,184.89,47.74
2020-08-27,140.0,168.0,80.0,130.0,118.0,138.0,420.0,184.89,47.74
2020-08-28,130.0,178.0,87.0,120.0,115.0,130.0,420.0,184.89,47.74
2020-08-31,190.0,175.0,98.0,130.0,120.0,137.0,420.0,184.89,47.74
2020-09-01,,,,,,,,185.03,44.05
2020-09-02,165.0,167.0,97.0,160.0,130.0,135.0,420.0,185.03,44.05
2020-09-03,150.0,158.0,127.0,130.0,140.0,130.0,420.0,185.03,44.05
2020-09-04,158.0,150.0,115.0,,143.0,145.0,420.0,185.03,44.05
2020-09-07,170.0,140.0,140.0,200.0,170.0,145.0,450.0,185.03,44.05
2020-09-08,150.0,145.0,140.0,200.0,160.0,145.0,450.0,185.03,44.05
2020-09-09,140.0,130.0,140.0,200.0,165.0,148.0,450.0,185.03,44.05
2020-09-10,150.0,160.0,150.0,200.0,158.0,135.0,450.0,185.03,44.05
2020-09-11,160.0,120.0,150.0,,157.0,129.0,450.0,185.03,44.05
2020-09-14,140.0,140.0,143.0,220.0,177.0,130.0,450.0,185.03,44.05
2020-09-15,160.0,130.0,150.0,240.0,185.0,133.0,450.0,185.03,44.05
2020-09-16,150.0,130.0,155.0,220.0,190.0,138.0,450.0,185.03,44.05
2020-09-17,145.0,120.0,157.0,250.0,195.0,133.0,450.0,185.03,44.05
2020-09-18,150.0,123.0,150.0,240.0,195.0,130.0,450.0,185.03,44.05
2020-09-21,160.0,110.0,170.0,240.0,195.0,130.0,450.0,185.03,44.05
2020-09-22,180.0,120.0,173.0,240.0,200.0,128.0,450.0,185.03,44.05
2020-09-23,233.0,140.0,170.0,260.0,190.0,130.0,450.0,185.03,44.05
2020-09-24,207.0,110.0,167.0,240.0,190.0,127.0,450.0,185.03,44.05
2020-09-25,170.0,100.0,167.0,240.0,205.0,127.0,450.0,185.03,44.05
2020-09-28,180.0,150.0,160.0,240.0,203.0,133.0,450.0,185.03,44.05
2020-09-29,180.0,140.0,160.0,240.0,200.0,140.0,450.0,185.03,44.05
2020-09-30,180.0,140.0,160.0,260.0,203.0,133.0,450.0,185.03,44.05
2020-10-01,,,,,,,,184.44,41.77
2020-10-02,170.0,140.0,140.0,240.0,187.0,137.0,450.0,184.44,41.77
2020-10-05,177.0,140.0,170.0,260.0,220.0,140.0,450.0,184.44,41.77
2020-10-06,183.0,140.0,170.0,260.0,200.0,140.0,450.0,184.44,41.77
2020-10-07,170.0,130.0,160.0,280.0,270.0,157.0,450.0,184.44,41.77
2020-10-08,157.0,120.0,140.0,240.0,260.0,147.0,450.0,184.44,41.77
2020-10-09,157.0,140.0,130.0,260.0,260.0,143.0,450.0,184.44,41.77
2020-10-12,170.0,155.0,140.0,340.0,185.0,150.0,450.0,184.44,41.77
2020-10-13,157.0,135.0,123.0,340.0,152.0,136.0,450.0,184.44,41.77
2020-10-14,140.0,125.0,100.0,300.0,160.0,130.0,450.0,184.44,41.77
2020-10-15,160.0,150.0,87.0,320.0,105.0,127.0,450.0,184.44,41.77
2020-10-16,173.0,143.0,87.0,320.0,100.0,127.0,450.0,184.44,41.77
2020-10-19,140.0,130.0,100.0,300.0,143.0,135.0,450.0,184.44,41.77
2020-10-20,200.0,140.0,93.0,320.0,128.0,133.0,450.0,184.44,41.77
2020-10-21,160.0,130.0,83.0,220.0,128.0,133.0,450.0,184.44,41.77
2020-10-22,,,,,,,,184.44,41.77
2020-10-23,,,,,,,,184.44,41.77
2020-10-26,,,,,,,,184.44,41.77
2020-10-27,,,,,,,,184.44,41.77
2020-10-28,,,,,,,,184.44,41.77
2020-10-29,,,,,,,,184.44,41.77
2020-10-30,,,,,,,,184.44,41.77
2020-11-02,,,,,,,,184.79,45.88
2020-11-03,,,,,,,,184.79,45.88
2020-11-04,,,,,,,,184.79,45.88
2020-11-05,,,,,,,,184.79,45.88
2020-11-06,,,,,,,,184.79,45.88
2020-11-09,,,,,,,,184.79,45.88
2020-11-10,,,,,,,,184.79,45.88
2020-11-11,,,,,,,,184.79,45.88
2020-11-12,,,,,,,,184.79,45.88
2020-11-13,,,,,,,,184.79,45.88
2020-11-16,,,,,,,,184.79,45.88
2020-11-17,,,,,,,,184.79,45.88
2020-11-18,,,,,,,,184.79,45.88
2020-11-19,,,,,,,,184.79,45.88
2020-11-20,,,,,,,,184.79,45.88
2020-11-23,,,,,,,,184.79,45.88
2020-11-24,,,,,,,,184.79,45.88
2020-11-25,,,,,,,,184.79,45.88
2020-11-26,,,,,,,,184.79,45.88
2020-11-27,,,,,,,,184.79,45.88
2020-11-30,,,,,,,,184.79,45.88
2020-12-01,,,,,,,,187.18,51.89
2020-12-02,,,,,,,,187.18,51.89
2020-12-03,,,,,,,,187.18,51.89
2020-12-04,,,,,,,,187.18,51.89
2020-12-07,,,,,,,,187.18,51.89
2020-12-08,,,,,,,,187.18,51.89
2020-12-09,,,,,,,,187.18,51.89
2020-12-10,,,,,,,,187.18,51.89
2020-12-11,,,,,,,,187.18,51.89
2020-12-14,,,,,,,,187.18,51.89
2020-12-15,,,,,,,,187.18,51.89
2020-12-16,,,,,,,,187.18,51.89
2020-12-17,,,,,,,,187.18,51.89
2020-12-18,,,,,,,,187.18,51.89
2020-12-21,,,,,,,,187.18,51.89
2020-12-22,,,,,,,,187.18,51.89
2020-12-23,,,,,,,,187.18,51.89
2020-12-24,,,,,,,,187.18,51.89
2020-12-25,,,,,,,,187.18,51.89
2020-12-28,,,,,,,,187.18,51.89
2020-12-29,,,,,,,,187.18,51.89
2020-12-30,,,,,,,,187.18,51.89
2020-12-31,,,,,,,,187.18,51.89
2021-01-01,,,,,,,,190.49,57.65
2021-01-04,,,,,,,,190.49,57.65
2021-01-05,,,,,,,,190.49,57.65
2021-01-06,,,,,,,,190.49,57.65
2021-01-07,,,,,,,,190.49,57.65
2021-01-08,,,,,,,,190.49,57.65
2021-01-11,,,,,,,,190.49,57.65
2021-01-12,,,,,,,,190.49,57.65
2021-01-13,,,,,,,,190.49,57.65
2021-01-14,,,,,,,,190.49,57.65
2021-01-15,,,,,,,,190.49,57.65
2021-01-18,,,,,,,,190.49,57.65
2021-01-19,,,,,,,,190.49,57.65
2021-01-20,,,,,,,,190.49,57.65
2021-01-21,,,,,,,,190.49,57.65
2021-01-22,,,,,,,,190.49,57.65
2021-01-25,,,,,,,,190.49,57.65
2021-01-26,,,,,,,,190.49,57.65
2021-01-27,,,,,,,,190.49,57.65
2021-01-28,,,,,,,,190.49,57.65
2021-01-29,,,,,,,,190.49,57.65
2021-02-01,,,,,,,,194.07,64.07
2021-02-02,,,,,,,,194.07,64.07
2021-02-03,,,,,,,,194.07,64.07
2021-02-04,,,,,,,,194.07,64.07
2021-02-05,,,,,,,,194.07,64.07
2021-02-08,,,,,,,,194.07,64.07
2021-02-09,,,,,,,,194.07,64.07
2021-02-10,,,,,,,,194.07,64.07
2021-02-11,,,,,,,,194.07,64.07
2021-02-12,,,,,,,,194.07,64.07
2021-02-15,,,,,,,,194.07,64.07
2021-02-16,140.0,100.0,240.0,480.0,130.0,120.0,540.0,194.07,64.07
2021-02-17,130.0,120.0,265.0,450.0,128.0,125.0,520.0,194.07,64.07
2021-02-18,120.0,100.0,270.0,450.0,105.0,125.0,540.0,194.07,64.07
2021-02-19,140.0,100.0,290.0,375.0,123.0,123.0,545.0,194.07,64.07
2021-02-22,140.0,100.0,280.0,300.0,130.0,120.0,540.0,194.07,64.07
2021-02-23,120.0,90.0,280.0,300.0,130.0,120.0,540.0,194.07,64.07
2021-02-24,120.0,95.0,280.0,300.0,143.0,120.0,540.0,194.07,64.07
2021-02-25,160.0,120.0,250.0,300.0,153.0,120.0,540.0,194.07,64.07
2021-02-26,,,,,,,,194.07,64.07
2021-03-01,140.0,115.0,245.0,300.0,160.0,120.0,540.0,196.98,
2021-03-02,160.0,130.0,265.0,300.0,154.0,120.0,540.0,196.98,
2021-03-03,160.0,125.0,270.0,210.0,150.0,120.0,535.0,196.98,
2021-03-04,140.0,120.0,220.0,200.0,140.0,120.0,520.0,196.98,
2021-03-05,175.0,100.0,160.0,200.0,140.0,120.0,520.0,196.98,
2021-03-08,140.0,135.0,165.0,240.0,127.0,115.0,535.0,196.98,
2021-03-09,140.0,135.0,160.0,220.0,113.0,115.0,535.0,196.98,
2021-03-10,140.0,135.0,160.0,230.0,140.0,120.0,520.0,196.98,
2021-03-11,,,,,,,,196.98,
2021-03-12,170.0,135.0,140.0,200.0,85.0,110.0,520.0,196.98,
2021-03-15,160.0,140.0,160.0,200.0,85.0,100.0,535.0,196.98,
2021-03-16,160.0,140.0,160.0,220.0,88.0,105.0,535.0,196.98,
2021-03-17,150.0,120.0,160.0,220.0,93.0,103.0,535.0,196.98,
2021-03-18,155.0,120.0,130.0,220.0,90.0,100.0,520.0,196.98,
2021-03-19,160.0,120.0,130.0,220.0,83.0,98.0,535.0,196.98,
2021-03-22,140.0,120.0,100.0,220.0,81.0,100.0,550.0,196.98,
2021-03-23,140.0,120.0,100.0,200.0,85.0,100.0,550.0,196.98,
2021-03-24,140.0,120.0,100.0,200.0,75.0,100.0,550.0,196.98,
2021-03-25,140.0,100.0,95.0,200.0,85.0,100.0,550.0,196.98,
2021-03-26,160.0,120.0,110.0,200.0,75.0,100.0,550.0,196.98,
2021-03-29,160.0,120.0,120.0,200.0,80.0,105.0,550.0,196.98,
2021-03-30,160.0,120.0,110.0,200.0,80.0,105.0,550.0,196.98,
2021-03-31,160.0,120.0,110.0,200.0,80.0,100.0,550.0,196.98,
2021-04-01,155.0,115.0,100.0,200.0,80.0,100.0,550.0,197.42,66.44
2021-04-02,,,,,,,,197.42,66.44
2021-04-05,160.0,120.0,120.0,220.0,80.0,95.0,550.0,197.42,66.44
2021-04-06,150.0,120.0,120.0,230.0,80.0,95.0,550.0,197.42,66.44
2021-04-07,150.0,120.0,120.0,330.0,85.0,95.0,550.0,197.42,66.44
2021-04-08,140.0,140.0,120.0,330.0,95.0,95.0,550.0,197.42,66.44
2021-04-09,150.0,120.0,140.0,330.0,85.0,95.0,550.0,197.42,66.44
2021-04-12,175.0,140.0,200.0,270.0,85.0,95.0,550.0,197.42,66.44
2021-04-13,,,,,,,,197.42,66.44
2021-04-14,,,,,,,,197.42,66.44
2021-04-15,,,,,,,,197.42,66.44
2021-04-16,220.0,160.0,190.0,330.0,85.0,95.0,550.0,197.42,66.44
2021-04-19,190.0,155.0,100.0,,78.0,118.0,550.0,197.42,66.44
2021-04-20,190.0,150.0,100.0,,83.0,115.0,550.0,197.42,66.44
2021-04-21,190.0,150.0,100.0,,83.0,115.0,550.0,197.42,66.44
2021-04-22,150.0,120.0,100.0,,87.0,120.0,550.0,197.42,66.44
2021-04-23,150.0,120.0,100.0,,80.0,120.0,550.0,197.42,66.44
2021-04-26,,,,,,,,197.42,66.44
2021-04-27,170.0,120.0,100.0,,75.0,120.0,550.0,197.42,66.44
2021-04-28,160.0,120.0,100.0,,75.0,130.0,550.0,197.42,66.44
2021-04-29,160.0,120.0,90.0,,75.0,120.0,550.0,197.42,66.44
2021-04-30,155.0,120.0,90.0,,80.0,130.0,550.0,197.42,66.44
2021-05-03,155.0,120.0,90.0,,75.0,120.0,550.0,199.58,68.47
2021-05-04,150.0,120.0,90.0,,100.0,140.0,545.0,199.58,68.47
2021-05-05,120.0,120.0,100.0,,98.0,138.0,545.0,199.58,68.47
2021-05-06,130.0,120.0,100.0,,95.0,138.0,550.0,199.58,68.47
2021-05-07,130.0,120.0,100.0,,95.0,138.0,545.0,199.58,68.47
2021-05-10,130.0,120.0,100.0,290.0,90.0,120.0,550.0,199.58,68.47
2021-05-11,130.0,120.0,100.0,260.0,77.0,120.0,545.0,199.58,68.47
2021-05-12,130.0,120.0,140.0,260.0,83.0,125.0,545.0,199.58,68.47
2021-05-13,150.0,120.0,170.0,270.0,82.0,128.0,550.0,199.58,68.47
2021-05-14,,,,,,,,199.58,68.47
2021-05-17,160.0,125.0,170.0,260.0,75.0,125.0,550.0,199.58,68.47
2021-05-18,155.0,125.0,150.0,290.0,83.0,125.0,555.0,199.58,68.47
2021-05-19,170.0,130.0,220.0,285.0,82.0,128.0,555.0,199.58,68.47
2021-05-20,170.0,130.0,260.0,260.0,97.0,128.0,550.0,199.58,68.47
2021-05-21,150.0,130.0,260.0,,100.0,128.0,550.0,199.58,68.47
2021-05-24,,,,,,,,199.58,68.47
2021-05-25,200.0,150.0,240.0,,103.0,135.0,545.0,199.58,68.47
2021-05-26,,,,,,,,199.58,68.47
2021-05-27,,,,,,,,199.58,68.47
2021-05-28,,,,,,,,199.58,68.47
2021-05-31,160.0,140.0,140.0,,100.0,140.0,550.0,199.58,68.47
2021-06-01,,,,,,,,199.82,
2021-06-02,,,,,,,,199.82,
2021-06-03,160.0,140.0,160.0,,100.0,140.0,550.0,199.82,
2021-06-04,140.0,140.0,150.0,,100.0,140.0,550.0,199.82,
2021-06-07,,,,,,,,199.82,
2021-06-08,200.0,150.0,150.0,320.0,100.0,140.0,530.0,199.82,
2021-06-09,200.0,160.0,160.0,320.0,100.0,140.0,530.0,199.82,
2021-06-10,,,,,,,,199.82,
2021-06-11,,,,,,,,199.82,
2021-06-14,,,,,,,,199.82,
2021-06-15,,,,,,,,199.82,
2021-06-16,,,,,,,,199.82,
2021-06-17,150.0,160.0,150.0,320.0,95.0,140.0,530.0,199.82,
2021-06-18,150.0,160.0,150.0,320.0,95.0,140.0,530.0,199.82,
2021-06-21,180.0,180.0,200.0,320.0,95.0,140.0,530.0,199.82,
2021-06-22,180.0,170.0,140.0,320.0,95.0,140.0,530.0,199.82,
2021-06-23,150.0,160.0,140.0,320.0,95.0,140.0,530.0,199.82,
2021-06-24,,,,,,,,199.82,
2021-06-25,150.0,180.0,140.0,320.0,95.0,140.0,530.0,199.82,
2021-06-28,150.0,165.0,140.0,320.0,95.0,140.0,530.0,199.82,
2021-06-29,150.0,170.0,130.0,320.0,93.0,140.0,530.0,199.82,
2021-06-30,150.0,160.0,130.0,320.0,95.0,140.0,530.0,199.82,
2021-07-01,150.0,160.0,130.0,320.0,95.0,140.0,530.0,199.98,68.92
2021-07-02,150.0,140.0,120.0,320.0,93.0,140.0,530.0,199.98,68.92
2021-07-05,155.0,170.0,130.0,300.0,95.0,140.0,530.0,199.98,68.92
2021-07-06,150.0,150.0,110.0,300.0,95.0,143.0,530.0,199.98,68.92
2021-07-07,150.0,120.0,100.0,300.0,95.0,140.0,530.0,199.98,68.92
2021-07-08,150.0,140.0,100.0,300.0,95.0,140.0,530.0,199.98,68.92
2021-07-09,140.0,140.0,100.0,300.0,100.0,145.0,530.0,199.98,68.92
2021-07-12,140.0,135.0,100.0,290.0,100.0,145.0,530.0,199.98,68.92
2021-07-13,140.0,135.0,100.0,290.0,100.0,145.0,530.0,199.98,68.92
2021-07-14,140.0,135.0,100.0,270.0,97.0,155.0,530.0,199.98,68.92
2021-07-15,140.0,135.0,100.0,270.0,97.0,155.0,530.0,199.98,68.92
2021-07-16,140.0,145.0,100.0,270.0,97.0,155.0,530.0,199.98,68.92
2021-07-19,140.0,160.0,120.0,280.0,97.0,155.0,530.0,199.98,68.92
2021-07-20,140.0,155.0,120.0,280.0,97.0,155.0,530.0,199.98,68.92
2021-07-21,,,,,,,,199.98,68.92
2021-07-22,130.0,170.0,120.0,280.0,97.0,155.0,530.0,199.98,68.92
2021-07-23,,,,,,,,199.98,68.92
2021-07-26,170.0,180.0,90.0,280.0,97.0,155.0,530.0,199.98,68.92
2021-07-27,155.0,160.0,90.0,280.0,97.0,155.0,530.0,199.98,68.92
2021-07-28,160.0,160.0,75.0,280.0,97.0,160.0,530.0,199.98,68.92
2021-07-29,140.0,160.0,75.0,280.0,99.0,148.0,535.0,199.98,68.92
2021-07-30,150.0,160.0,75.0,280.0,100.0,150.0,535.0,199.98,68.92
2021-08-02,140.0,160.0,75.0,280.0,97.0,160.0,530.0,200.5,74.88
2021-08-03,140.0,160.0,75.0,280.0,97.0,160.0,530.0,200.5,74.88
2021-08-04,140.0,160.0,80.0,280.0,97.0,160.0,530.0,200.5,74.88
2021-08-05,140.0,160.0,75.0,280.0,101.0,148.0,535.0,200.5,74.88
2021-08-06,140.0,160.0,75.0,280.0,105.0,160.0,530.0,200.5,74.88
2021-08-09,140.0,155.0,75.0,265.0,97.0,160.0,530.0,200.5,74.88
2021-08-10,140.0,155.0,100.0,260.0,97.0,160.0,530.0,200.5,74.88
2021-08-11,140.0,150.0,100.0,,97.0,160.0,530.0,200.5,74.88
2021-08-12,140.0,155.0,100.0,,97.0,160.0,530.0,200.5,74.88
2021-08-13,140.0,150.0,100.0,,97.0,160.0,530.0,200.5,74.88
2021-08-16,140.0,150.0,140.0,,110.0,180.0,530.0,200.5,74.88
2021-08-17,140.0,130.0,140.0,,110.0,180.0,530.0,200.5,74.88
2021-08-18,140.0,120.0,140.0,,120.0,160.0,530.0,200.5,74.88
2021-08-19,130.0,140.0,140.0,,120.0,160.0,530.0,200.5,74.88
2021-08-20,130.0,140.0,140.0,,120.0,160.0,530.0,200.5,74.88
2021-08-23,,,,,,,,200.5,74.88
2021-08-24,,,,,,,,200.5,74.88
2021-08-25,,,,,,,,200.5,74.88
2021-08-26,,,,,,,,200.5,74.88
2021-08-27,,,,,,,,200.5,74.88
2021-08-30,,,,,,,,200.5,74.88
2021-08-31,,,,,,,,200.5,74.88
2021-09-01,,,,,,,,201.99,
2021-09-02,,,,,,,,201.99,
2021-09-03,,,,,,,,201.99,
2021-09-06,140.0,150.0,140.0,,105.0,150.0,530.0,201.99,
2021-09-07,,,,,,,,201.99,
2021-09-08,,,,,,,,201.99,
2021-09-09,120.0,130.0,135.0,,145.0,140.0,520.0,201.99,
2021-09-10,120.0,130.0,135.0,,145.0,140.0,530.0,201.99,
2021-09-13,120.0,130.0,130.0,,150.0,140.0,530.0,201.99,
2021-09-14,120.0,130.0,120.0,,140.0,140.0,530.0,201.99,
2021-09-15,120.0,130.0,120.0,,140.0,120.0,530.0,201.99,
2021-09-16,110.0,130.0,120.0,,140.0,120.0,530.0,201.99,
2021-09-17,100.0,125.0,100.0,,140.0,120.0,530.0,201.99,
2021-09-20,,,,,,,,201.99,
2021-09-21,120.0,130.0,120.0,280.0,130.0,130.0,530.0,201.99,
2021-09-22,110.0,130.0,100.0,280.0,130.0,130.0,530.0,201.99,
2021-09-23,100.0,130.0,100.0,280.0,130.0,130.0,530.0,201.99,
2021-09-24,100.0,130.0,80.0,280.0,130.0,130.0,530.0,201.99,
2021-09-27,100.0,130.0,80.0,280.0,130.0,130.0,530.0,201.99,
2021-09-28,100.0,130.0,75.0,280.0,130.0,130.0,530.0,201.99,
2021-09-29,100.0,120.0,80.0,280.0,130.0,130.0,530.0,201.99,
2021-09-30,100.0,130.0,80.0,280.0,130.0,130.0,530.0,201.99,
2021-10-01,100.0,130.0,80.0,280.0,130.0,130.0,530.0,201.09,73.51
2021-10-04,120.0,130.0,80.0,280.0,170.0,130.0,530.0,201.09,73.51
2021-10-05,110.0,130.0,80.0,280.0,170.0,130.0,530.0,201.09,73.51
2021-10-06,100.0,125.0,80.0,280.0,170.0,130.0,530.0,201.09,73.51
2021-10-07,100.0,125.0,80.0,280.0,170.0,130.0,530.0,201.09,73.51
2021-10-08,130.0,125.0,80.0,280.0,170.0,130.0,530.0,201.09,73.51
2021-10-11,125.0,130.0,110.0,280.0,175.0,130.0,530.0,201.09,73.51
2021-10-12,130.0,130.0,110.0,280.0,175.0,130.0,530.0,201.09,73.51
2021-10-13,130.0,130.0,110.0,280.0,175.0,130.0,530.0,201.09,73.51
2021-10-14,130.0,125.0,110.0,280.0,175.0,130.0,530.0,201.09,73.51
2021-10-15,125.0,125.0,80.0,280.0,175.0,135.0,530.0,201.09,73.51
2021-10-18,110.0,130.0,80.0,260.0,185.0,140.0,530.0,201.09,73.51
2021-10-19,,,,,,,,201.09,73.51
2021-10-20,,,,,,,,201.09,73.51
2021-10-21,100.0,130.0,80.0,250.0,180.0,140.0,530.0,201.09,73.51
2021-10-22,110.0,130.0,80.0,260.0,185.0,140.0,530.0,201.09,73.51
2021-10-25,140.0,140.0,190.0,230.0,,140.0,530.0,201.09,73.51
2021-10-26,140.0,130.0,190.0,210.0,,140.0,530.0,201.09,73.51
2021-10-27,140.0,130.0,180.0,210.0,200.0,140.0,530.0,201.09,73.51
2021-10-28,180.0,140.0,200.0,210.0,200.0,140.0,530.0,201.09,73.51
2021-10-29,210.0,140.0,220.0,210.0,200.0,140.0,530.0,201.09,73.51
2021-11-01,180.0,130.0,300.0,210.0,200.0,160.0,530.0,201.86,
2021-11-02,180.0,125.0,300.0,210.0,210.0,160.0,530.0,201.86,
2021-11-03,210.0,130.0,300.0,210.0,210.0,160.0,530.0,201.86,
2021-11-04,,,,,,,,201.86,
2021-11-05,200.0,130.0,300.0,210.0,210.0,160.0,530.0,201.86,
2021-11-08,200.0,160.0,290.0,,167.0,160.0,530.0,201.86,
2021-11-09,200.0,160.0,290.0,,170.0,160.0,530.0,201.86,
2021-11-10,240.0,170.0,315.0,,170.0,160.0,530.0,201.86,
2021-11-11,265.0,170.0,325.0,,170.0,160.0,530.0,201.86,
2021-11-12,265.0,200.0,350.0,,170.0,160.0,530.0,201.86,
2021-11-15,250.0,175.0,360.0,,165.0,195.0,550.0,201.86,
2021-11-16,250.0,175.0,360.0,300.0,165.0,195.0,550.0,201.86,
2021-11-17,250.0,175.0,350.0,300.0,165.0,195.0,550.0,201.86,
2021-11-18,,,,,,,,201.86,
2021-11-19,250.0,200.0,350.0,300.0,165.0,195.0,550.0,201.86,
2021-11-22,350.0,250.0,350.0,300.0,165.0,195.0,550.0,201.86,
2021-11-23,350.0,265.0,350.0,300.0,165.0,195.0,550.0,201.86,
2021-11-24,310.0,280.0,350.0,300.0,160.0,195.0,550.0,201.86,
2021-11-25,315.0,350.0,350.0,310.0,160.0,200.0,550.0,201.86,
2021-11-26,330.0,315.0,350.0,310.0,160.0,200.0,550.0,201.86,
2021-11-29,300.0,300.0,375.0,310.0,175.0,195.0,550.0,201.86,
2021-11-30,300.0,325.0,400.0,310.0,175.0,195.0,550.0,201.86,
2021-12-01,300.0,350.0,425.0,310.0,175.0,195.0,550.0,201.4,85.38
2021-12-02,300.0,390.0,450.0,310.0,175.0,200.0,550.0,201.4,85.38
2021-12-03,300.0,400.0,450.0,310.0,175.0,195.0,550.0,201.4,85.38
2021-12-06,300.0,400.0,450.0,295.0,163.0,180.0,550.0,201.4,85.38
2021-12-07,300.0,375.0,475.0,295.0,163.0,180.0,550.0,201.4,85.38
2021-12-08,310.0,375.0,475.0,295.0,163.0,180.0,550.0,201.4,85.38
2021-12-09,310.0,375.0,475.0,295.0,163.0,180.0,550.0,201.4,85.38
2021-12-10,310.0,375.0,475.0,295.0,163.0,180.0,,201.4,85.38
2021-12-13,450.0,400.0,400.0,295.0,155.0,180.0,550.0,201.4,85.38
2021-12-14,470.0,400.0,400.0,295.0,160.0,180.0,550.0,201.4,85.38
2021-12-15,460.0,375.0,350.0,300.0,190.0,180.0,,201.4,85.38
2021-12-16,400.0,350.0,350.0,300.0,280.0,197.0,,201.4,85.38
2021-12-17,300.0,350.0,350.0,300.0,280.0,197.0,,201.4,85.38
2021-12-20,450.0,350.0,350.0,290.0,200.0,195.0,,201.4,85.38
2021-12-21,425.0,340.0,340.0,290.0,,195.0,,201.4,85.38
2021-12-22,375.0,290.0,330.0,290.0,238.0,200.0,790.0,201.4,85.38
2021-12-23,420.0,300.0,350.0,360.0,253.0,200.0,790.0,201.4,85.38
2021-12-24,420.0,300.0,350.0,360.0,253.0,200.0,790.0,201.4,85.38
2021-12-27,490.0,390.0,250.0,355.0,217.0,200.0,790.0,201.4,85.38
2021-12-28,480.0,390.0,200.0,355.0,215.0,200.0,790.0,201.4,85.38
2021-12-29,450.0,350.0,190.0,355.0,215.0,200.0,790.0,201.4,85.38
2021-12-30,450.0,350.0,210.0,355.0,215.0,200.0,790.0,201.4,85.38
2021-12-31,450.0,350.0,210.0,355.0,217.0,180.0,790.0,201.4,85.38
2022-01-03,450.0,350.0,210.0,380.0,145.0,200.0,790.0,201.46,84.09
2022-01-04,450.0,320.0,220.0,380.0,145.0,170.0,790.0,201.46,84.09
2022-01-05,400.0,300.0,200.0,380.0,145.0,,790.0,201.46,84.09
2022-01-06,400.0,300.0,180.0,340.0,145.0,,790.0,201.46,84.09
2022-01-07,400.0,250.0,180.0,340.0,145.0,170.0,790.0,201.46,84.09
2022-01-10,325.0,250.0,180.0,350.0,130.0,190.0,790.0,201.46,84.09
2022-01-11,325.0,250.0,180.0,350.0,,190.0,790.0,201.46,84.09
2022-01-12,325.0,250.0,180.0,350.0,,190.0,790.0,201.46,84.09
2022-01-13,325.0,250.0,180.0,350.0,,190.0,790.0,201.46,84.09
2022-01-14,,,,,,,,201.46,84.09
2022-01-17,,,,,,,,201.46,84.09
2022-01-18,350.0,250.0,170.0,280.0,210.0,190.0,780.0,201.46,84.09
2022-01-19,350.0,225.0,170.0,280.0,210.0,190.0,780.0,201.46,84.09
2022-01-20,400.0,250.0,160.0,280.0,210.0,190.0,780.0,201.46,84.09
2022-01-21,410.0,250.0,140.0,280.0,210.0,190.0,780.0,201.46,84.09
2022-01-24,430.0,200.0,150.0,,210.0,175.0,780.0,201.46,84.09
2022-01-25,430.0,200.0,150.0,380.0,210.0,175.0,810.0,201.46,84.09
2022-01-26,415.0,200.0,175.0,380.0,205.0,175.0,780.0,201.46,84.09
2022-01-27,415.0,220.0,175.0,380.0,200.0,203.0,800.0,201.46,84.09
2022-01-28,415.0,220.0,175.0,380.0,200.0,203.0,850.0,201.46,84.09
2022-01-31,430.0,250.0,150.0,,170.0,150.0,850.0,201.46,84.09
2022-02-01,400.0,250.0,125.0,350.0,170.0,157.0,,201.74,76.41
2022-02-02,400.0,250.0,125.0,350.0,165.0,155.0,900.0,201.74,76.41
2022-02-03,350.0,250.0,120.0,350.0,165.0,155.0,900.0,201.74,76.41
2022-02-04,,,,,,,,201.74,76.41
2022-02-07,470.0,250.0,130.0,360.0,150.0,140.0,900.0,201.74,76.41
2022-02-08,470.0,250.0,130.0,,150.0,140.0,900.0,201.74,76.41
2022-02-09,460.0,225.0,130.0,360.0,140.0,140.0,940.0,201.74,76.41
2022-02-10,490.0,225.0,130.0,,140.0,140.0,940.0,201.74,76.41
2022-02-11,480.0,200.0,130.0,550.0,150.0,147.0,960.0,201.74,76.41
2022-02-14,480.0,190.0,210.0,550.0,150.0,147.0,960.0,201.74,76.41
2022-02-15,480.0,180.0,210.0,550.0,157.0,160.0,960.0,201.74,76.41
2022-02-16,,,,,,,,201.74,76.41
2022-02-17,465.0,180.0,220.0,550.0,157.0,140.0,960.0,201.74,76.41
2022-02-18,480.0,160.0,260.0,470.0,148.0,125.0,960.0,201.74,76.41
2022-02-21,450.0,120.0,280.0,350.0,140.0,120.0,960.0,201.74,76.41
2022-02-22,400.0,120.0,280.0,350.0,140.0,120.0,960.0,201.74,76.41
2022-02-23,400.0,120.0,280.0,350.0,140.0,120.0,960.0,201.74,76.41
2022-02-24,380.0,120.0,275.0,350.0,140.0,120.0,960.0,201.74,76.41
2022-02-25,380.0,120.0,275.0,350.0,150.0,120.0,960.0,201.74,76.41
2022-02-28,350.0,130.0,340.0,250.0,145.0,130.0,960.0,201.74,76.41
2022-03-01,,,,,,,,255.81,
2022-03-02,350.0,130.0,320.0,250.0,140.0,130.0,960.0,255.81,
2022-03-03,360.0,120.0,320.0,230.0,140.0,130.0,960.0,255.81,
2022-03-04,350.0,120.0,320.0,225.0,140.0,130.0,960.0,255.81,
2022-03-07,350.0,120.0,300.0,230.0,140.0,130.0,960.0,255.81,
2022-03-08,350.0,120.0,350.0,255.0,140.0,130.0,960.0,255.81,
2022-03-09,320.0,120.0,350.0,255.0,140.0,130.0,950.0,255.81,
2022-03-10,280.0,120.0,350.0,240.0,140.0,130.0,950.0,255.81,
2022-03-11,280.0,120.0,350.0,240.0,140.0,120.0,950.0,255.81,
2022-03-14,300.0,120.0,300.0,260.0,160.0,150.0,1150.0,255.81,
2022-03-15,290.0,120.0,280.0,260.0,160.0,150.0,1150.0,255.81,
2022-03-16,260.0,120.0,280.0,260.0,160.0,150.0,1150.0,255.81,
2022-03-17,,,,,,,,255.81,
2022-03-18,255.0,120.0,250.0,260.0,160.0,150.0,1180.0,255.81,
2022-03-21,240.0,110.0,250.0,240.0,155.0,160.0,1180.0,255.81,
2022-03-22,210.0,110.0,230.0,240.0,155.0,160.0,1180.0,255.81,
2022-03-23,210.0,110.0,225.0,240.0,155.0,160.0,1180.0,255.81,
2022-03-24,200.0,110.0,225.0,240.0,155.0,160.0,1180.0,255.81,
2022-03-25,200.0,110.0,225.0,255.0,145.0,150.0,1180.0,255.81,
2022-03-28,180.0,80.0,120.0,270.0,150.0,140.0,1180.0,255.81,
2022-03-29,180.0,80.0,120.0,280.0,150.0,160.0,1180.0,255.81,
2022-03-30,180.0,80.0,120.0,380.0,205.0,180.0,1350.0,255.81,
2022-03-31,180.0,80.0,120.0,380.0,195.0,180.0,,255.81,
2022-04-01,180.0,80.0,120.0,380.0,205.0,180.0,,319.44,
2022-04-04,250.0,110.0,110.0,360.0,215.0,180.0,1600.0,319.44,
2022-04-05,250.0,110.0,110.0,360.0,215.0,180.0,1600.0,319.44,
2022-04-06,190.0,100.0,110.0,360.0,215.0,180.0,1600.0,319.44,
2022-04-07,190.0,100.0,110.0,350.0,200.0,180.0,1600.0,319.44,
2022-04-08,180.0,100.0,120.0,350.0,200.0,180.0,1700.0,319.44,
2022-04-11,150.0,100.0,230.0,350.0,274.0,210.0,1450.0,319.44,
2022-04-12,150.0,120.0,280.0,360.0,300.0,215.0,1450.0,319.44,
2022-04-13,,,,,,,,319.44,
2022-04-14,,,,,,,,319.44,
2022-04-15,,,,,,,,319.44,
2022-04-18,150.0,120.0,280.0,350.0,220.0,220.0,1400.0,319.44,
2022-04-19,140.0,120.0,280.0,350.0,220.0,220.0,1400.0,319.44,
2022-04-20,150.0,125.0,280.0,350.0,220.0,240.0,1400.0,319.44,
2022-04-21,160.0,125.0,280.0,350.0,230.0,220.0,1400.0,319.44,
2022-04-22,160.0,120.0,265.0,350.0,230.0,220.0,1400.0,319.44,
2022-04-25,140.0,120.0,280.0,350.0,230.0,220.0,1400.0,319.44,
2022-04-26,140.0,95.0,240.0,320.0,178.0,170.0,1400.0,319.44,
2022-04-27,145.0,95.0,240.0,320.0,178.0,160.0,1400.0,319.44,
2022-04-28,,,,,,,,319.44,
2022-04-29,180.0,180.0,280.0,300.0,170.0,160.0,1400.0,319.44,
2022-05-02,,,,,,,,358.94,109.94
2022-05-03,,,,,,,,358.94,109.94
2022-05-04,150.0,160.0,310.0,320.0,200.0,180.0,1450.0,358.94,109.94
2022-05-05,200.0,160.0,360.0,320.0,160.0,160.0,1450.0,358.94,109.94
2022-05-06,,,,,,,,358.94,109.94
2022-05-09,200.0,160.0,450.0,280.0,160.0,170.0,1460.0,358.94,109.94
2022-05-10,,,,,,,,358.94,109.94
2022-05-11,,,,,,,,358.94,109.94
2022-05-12,400.0,300.0,500.0,280.0,160.0,170.0,1458.0,358.94,109.94
2022-05-13,300.0,250.0,500.0,277.0,180.0,190.0,1650.0,358.94,109.94
2022-05-16,,,,,,,,358.94,109.94
2022-05-17,250.0,200.0,600.0,300.0,170.0,200.0,1650.0,358.94,109.94
2022-05-18,300.0,200.0,700.0,320.0,180.0,200.0,1650.0,358.94,109.94
2022-05-19,300.0,160.0,750.0,320.0,180.0,200.0,1650.0,358.94,109.94
2022-05-20,300.0,160.0,800.0,360.0,180.0,210.0,1650.0,358.94,109.94
2022-05-23,350.0,190.0,750.0,370.0,200.0,220.0,1650.0,358.94,109.94
2022-05-24,335.0,190.0,775.0,370.0,200.0,220.0,1650.0,358.94,109.94
2022-05-25,300.0,190.0,775.0,370.0,200.0,220.0,1650.0,358.94,109.94
2022-05-26,300.0,200.0,775.0,370.0,200.0,220.0,1650.0,358.94,109.94
2022-05-27,350.0,220.0,625.0,450.0,200.0,220.0,1700.0,358.94,109.94
2022-05-30,350.0,260.0,700.0,450.0,220.0,220.0,1700.0,358.94,109.94
2022-05-31,350.0,260.0,700.0,450.0,220.0,220.0,1700.0,358.94,109.94
2022-06-01,300.0,260.0,700.0,450.0,220.0,220.0,1700.0,360.24,
2022-06-02,350.0,300.0,700.0,455.0,230.0,227.0,1800.0,360.24,
2022-06-03,350.0,300.0,700.0,456.0,230.0,230.0,1750.0,360.24,
2022-06-06,300.0,300.0,800.0,520.0,210.0,210.0,1850.0,360.24,
2022-06-07,300.0,300.0,750.0,490.0,200.0,210.0,1850.0,360.24,
2022-06-08,315.0,300.0,740.0,350.0,190.0,210.0,1850.0,360.24,
2022-06-09,315.0,300.0,740.0,340.0,175.0,195.0,1850.0,360.24,
2022-06-10,350.0,350.0,650.0,340.0,180.0,210.0,1850.0,360.24,
2022-06-13,350.0,350.0,650.0,350.0,240.0,250.0,1950.0,360.24,
2022-06-14,,,,,,,,360.24,
2022-06-15,350.0,350.0,550.0,350.0,210.0,250.0,1950.0,360.24,
2022-06-16,340.0,365.0,625.0,365.0,200.0,250.0,1950.0,360.24,
2022-06-17,340.0,365.0,625.0,300.0,200.0,240.0,1950.0,360.24,
2022-06-20,320.0,300.0,650.0,300.0,200.0,240.0,1950.0,360.24,
2022-06-21,320.0,300.0,640.0,325.0,200.0,260.0,1950.0,360.24,
2022-06-22,300.0,320.0,500.0,325.0,200.0,260.0,1950.0,360.24,
2022-06-23,280.0,280.0,550.0,325.0,200.0,260.0,1950.0,360.24,
2022-06-24,280.0,280.0,550.0,325.0,200.0,260.0,1950.0,360.24,
2022-06-27,280.0,300.0,550.0,350.0,180.0,280.0,2000.0,360.24,
2022-06-28,320.0,300.0,300.0,350.0,180.0,280.0,2000.0,360.24,
2022-06-29,300.0,300.0,250.0,350.0,180.0,280.0,2000.0,360.24,
2022-06-30,300.0,320.0,250.0,320.0,170.0,280.0,2000.0,360.24,
2022-07-01,300.0,320.0,230.0,320.0,170.0,280.0,2000.0,360.87,
2022-07-04,300.0,320.0,230.0,340.0,180.0,245.0,2000.0,360.87,
2022-07-05,300.0,300.0,200.0,340.0,180.0,240.0,2000.0,360.87,
2022-07-06,300.0,340.0,200.0,340.0,180.0,240.0,2000.0,360.87,
2022-07-07,300.0,340.0,200.0,340.0,180.0,240.0,2000.0,360.87,
2022-07-08,300.0,340.0,200.0,340.0,180.0,200.0,2000.0,360.87,
2022-07-11,320.0,340.0,200.0,320.0,200.0,220.0,2000.0,360.87,
2022-07-12,320.0,340.0,200.0,320.0,220.0,220.0,2000.0,360.87,
2022-07-13,,,,,,,,360.87,
2022-07-14,350.0,360.0,200.0,320.0,220.0,240.0,2000.0,360.87,
2022-07-15,300.0,320.0,200.0,,220.0,240.0,2000.0,360.87,
2022-07-18,300.0,300.0,220.0,,220.0,240.0,2000.0,360.87,
2022-07-19,250.0,300.0,220.0,,220.0,240.0,2000.0,360.87,
2022-07-20,300.0,280.0,220.0,,220.0,240.0,2000.0,360.87,
2022-07-21,250.0,300.0,220.0,,200.0,230.0,2000.0,360.87,
2022-07-22,250.0,300.0,220.0,,200.0,230.0,2000.0,360.87,
2022-07-25,300.0,280.0,300.0,,180.0,200.0,2000.0,360.87,
2022-07-26,250.0,280.0,300.0,,160.0,200.0,2000.0,360.87,
2022-07-27,250.0,280.0,300.0,,160.0,200.0,2000.0,360.87,
2022-07-28,250.0,280.0,300.0,,160.0,200.0,2000.0,360.87,
2022-07-29,300.0,280.0,350.0,,180.0,200.0,2000.0,360.87,
2022-08-01,260.0,280.0,380.0,,180.0,210.0,2000.0,361.0,114.71
2022-08-02,300.0,280.0,400.0,340.0,180.0,190.0,1700.0,361.0,114.71
2022-08-03,300.0,280.0,400.0,340.0,180.0,190.0,1700.0,361.0,114.71
2022-08-04,300.0,280.0,380.0,,170.0,190.0,1700.0,361.0,114.71
2022-08-05,280.0,280.0,380.0,,165.0,185.0,1700.0,361.0,114.71
2022-08-08,320.0,300.0,400.0,,160.0,180.0,1600.0,361.0,114.71
2022-08-09,320.0,300.0,400.0,,160.0,180.0,1600.0,361.0,114.71
2022-08-10,300.0,260.0,360.0,,150.0,180.0,1600.0,361.0,114.71
2022-08-11,,,,,,,,361.0,114.71
2022-08-12,300.0,300.0,320.0,,150.0,180.0,1600.0,361.0,114.71
2022-08-15,400.0,430.0,360.0,,160.0,185.0,1600.0,361.0,114.71
2022-08-16,350.0,400.0,360.0,,170.0,180.0,1600.0,361.0,114.71
2022-08-17,400.0,400.0,360.0,,170.0,180.0,1600.0,361.0,114.71
2022-08-18,350.0,400.0,360.0,,170.0,180.0,1600.0,361.0,114.71
2022-08-19,300.0,350.0,350.0,,170.0,180.0,1600.0,361.0,114.71
2022-08-22,300.0,350.0,200.0,,165.0,170.0,1600.0,361.0,114.71
2022-08-23,300.0,380.0,180.0,,158.0,170.0,1600.0,361.0,114.71
2022-08-24,350.0,380.0,160.0,,158.0,170.0,1600.0,361.0,114.71
2022-08-25,350.0,380.0,160.0,,170.0,260.0,1600.0,361.0,114.71
2022-08-26,350.0,380.0,160.0,,160.0,260.0,1600.0,361.0,114.71
2022-08-29,350.0,380.0,180.0,,160.0,236.0,1675.0,361.0,114.71
2022-08-30,350.0,400.0,200.0,,165.0,233.0,1650.0,361.0,114.71
2022-08-31,350.0,380.0,220.0,,165.0,208.0,1650.0,361.0,114.71
2022-09-01,350.0,380.0,240.0,,165.0,190.0,1650.0,362.38,119.71
2022-09-02,350.0,380.0,240.0,,165.0,206.0,1675.0,362.38,119.71
2022-09-05,350.0,380.0,260.0,,165.0,208.0,1675.0,362.38,119.71
2022-09-06,350.0,380.0,240.0,480.0,170.0,290.0,1780.0,362.38,119.71
2022-09-07,300.0,320.0,250.0,480.0,170.0,290.0,1780.0,362.38,119.71
2022-09-08,320.0,330.0,280.0,460.0,170.0,270.0,1780.0,362.38,119.71
2022-09-09,320.0,330.0,280.0,460.0,170.0,270.0,1780.0,362.38,119.71
2022-09-12,350.0,380.0,280.0,460.0,160.0,300.0,1750.0,362.38,119.71
2022-09-13,380.0,420.0,280.0,460.0,160.0,300.0,1750.0,362.38,119.71
2022-09-14,350.0,420.0,250.0,460.0,160.0,300.0,1750.0,362.38,119.71
2022-09-15,350.0,450.0,240.0,460.0,160.0,300.0,1750.0,362.38,119.71
2022-09-16,350.0,430.0,220.0,460.0,160.0,300.0,1750.0,362.38,119.71
2022-09-19,350.0,400.0,200.0,460.0,155.0,300.0,1750.0,362.38,119.71
2022-09-20,320.0,400.0,200.0,460.0,155.0,300.0,1750.0,362.38,119.71
2022-09-21,320.0,370.0,200.0,460.0,155.0,300.0,1750.0,362.38,119.71
2022-09-22,350.0,380.0,200.0,460.0,153.0,273.0,1715.0,362.38,119.71
2022-09-23,320.0,380.0,200.0,460.0,153.0,270.0,1700.0,362.38,119.71
2022-09-26,350.0,360.0,250.0,450.0,170.0,240.0,1600.0,362.38,119.71
2022-09-27,320.0,380.0,250.0,450.0,170.0,240.0,1600.0,362.38,119.71
2022-09-28,350.0,380.0,250.0,450.0,170.0,240.0,1600.0,362.38,119.71
2022-09-29,350.0,380.0,250.0,450.0,170.0,240.0,1600.0,362.38,119.71
2022-09-30,380.0,380.0,250.0,450.0,180.0,240.0,1600.0,362.38,119.71
2022-10-03,400.0,400.0,250.0,450.0,220.0,210.0,1600.0,363.15,
2022-10-04,400.0,350.0,250.0,453.0,200.0,210.0,1600.0,363.15,
2022-10-05,400.0,350.0,230.0,450.0,195.0,200.0,1600.0,363.15,
2022-10-06,360.0,320.0,230.0,450.0,195.0,200.0,1600.0,363.15,
2022-10-07,360.0,320.0,230.0,450.0,200.0,200.0,1600.0,363.15,
2022-10-10,,,,,,,,363.15,
2022-10-11,350.0,320.0,300.0,450.0,240.0,190.0,1600.0,363.15,
2022-10-12,320.0,300.0,320.0,450.0,225.0,190.0,1600.0,363.15,
2022-10-13,350.0,300.0,320.0,463.0,225.0,190.0,1600.0,363.15,
2022-10-14,300.0,280.0,320.0,452.0,220.0,190.0,1650.0,363.15,
2022-10-17,350.0,280.0,300.0,450.0,220.0,190.0,1650.0,363.15,
2022-10-18,350.0,280.0,320.0,450.0,220.0,190.0,1650.0,363.15,
2022-10-19,350.0,280.0,320.0,450.0,220.0,190.0,1650.0,363.15,
2022-10-20,350.0,350.0,320.0,500.0,200.0,200.0,1650.0,363.15,
2022-10-21,350.0,250.0,300.0,500.0,200.0,200.0,1650.0,363.15,
2022-10-24,,,,,,,,363.15,
2022-10-25,350.0,260.0,300.0,450.0,220.0,200.0,1650.0,363.15,
2022-10-26,350.0,240.0,300.0,460.0,230.0,210.0,1550.0,363.15,
2022-10-27,350.0,240.0,300.0,460.0,230.0,210.0,1550.0,363.15,
2022-10-28,350.0,240.0,300.0,480.0,230.0,210.0,1550.0,363.15,
2022-10-31,400.0,260.0,400.0,550.0,260.0,220.0,1550.0,363.15,
2022-11-01,400.0,280.0,400.0,550.0,260.0,220.0,1550.0,363.39,98.77
2022-11-02,350.0,280.0,400.0,550.0,260.0,220.0,1550.0,363.39,98.77
2022-11-03,350.0,240.0,400.0,550.0,260.0,215.0,1700.0,363.39,98.77
2022-11-04,350.0,240.0,400.0,550.0,260.0,215.0,1700.0,363.39,98.77
2022-11-07,,,,,,,,363.39,98.77
2022-11-08,400.0,240.0,400.0,473.0,260.0,210.0,1700.0,363.39,98.77
2022-11-09,430.0,240.0,400.0,510.0,266.0,212.0,1700.0,363.39,98.77
2022-11-10,400.0,240.0,400.0,510.0,274.0,210.0,1700.0,363.39,98.77
2022-11-11,420.0,240.0,450.0,498.0,279.0,210.0,1700.0,363.39,98.77
2022-11-14,450.0,240.0,400.0,600.0,320.0,200.0,1700.0,363.39,98.77
2022-11-15,450.0,240.0,350.0,600.0,320.0,200.0,1700.0,363.39,98.77
2022-11-16,450.0,240.0,350.0,600.0,320.0,200.0,1700.0,363.39,98.77
2022-11-17,450.0,240.0,400.0,600.0,320.0,200.0,1750.0,363.39,98.77
2022-11-18,450.0,240.0,350.0,600.0,320.0,200.0,1750.0,363.39,98.77
2022-11-21,450.0,240.0,300.0,600.0,250.0,200.0,1750.0,363.39,98.77
2022-11-22,450.0,240.0,300.0,600.0,250.0,200.0,1720.0,363.39,98.77
2022-11-23,450.0,240.0,300.0,600.0,250.0,200.0,1700.0,363.39,98.77
2022-11-24,430.0,240.0,250.0,600.0,250.0,200.0,1700.0,363.39,98.77
2022-11-25,430.0,240.0,250.0,600.0,250.0,200.0,1700.0,363.39,98.77
2022-11-28,400.0,260.0,250.0,600.0,180.0,170.0,1700.0,363.39,98.77
2022-11-29,400.0,280.0,250.0,600.0,180.0,170.0,1700.0,363.39,98.77
2022-11-30,350.0,280.0,200.0,600.0,180.0,170.0,1700.0,363.39,98.77
2022-12-01,400.0,260.0,200.0,600.0,200.0,170.0,1700.0,363.17,97.03
2022-12-02,400.0,280.0,200.0,600.0,200.0,170.0,1700.0,363.17,97.03
2022-12-05,350.0,230.0,200.0,600.0,180.0,170.0,1700.0,363.17,97.03
2022-12-06,330.0,230.0,200.0,600.0,190.0,170.0,1700.0,363.17,97.03
2022-12-07,,,,,,,,363.17,97.03
2022-12-08,350.0,230.0,200.0,600.0,180.0,180.0,1700.0,363.17,97.03
2022-12-09,350.0,230.0,200.0,600.0,180.0,180.0,1700.0,363.17,97.03
2022-12-12,350.0,230.0,230.0,600.0,170.0,180.0,1700.0,363.17,97.03
2022-12-13,350.0,180.0,220.0,,160.0,200.0,1700.0,363.17,97.03
2022-12-14,350.0,180.0,220.0,,160.0,200.0,1600.0,363.17,97.03
2022-12-15,350.0,170.0,220.0,,160.0,200.0,1600.0,363.17,97.03
2022-12-16,350.0,170.0,200.0,,160.0,200.0,1600.0,363.17,97.03
2022-12-19,350.0,160.0,200.0,,160.0,200.0,1600.0,363.17,97.03
2022-12-20,350.0,160.0,200.0,558.0,160.0,200.0,1600.0,363.17,97.03
2022-12-21,300.0,140.0,200.0,560.0,160.0,200.0,1600.0,363.17,97.03
2022-12-22,300.0,140.0,200.0,557.0,160.0,200.0,1600.0,363.17,97.03
2022-12-23,300.0,140.0,250.0,560.0,180.0,200.0,1600.0,363.17,97.03
2022-12-26,,,,,,,,363.17,97.03
2022-12-27,300.0,140.0,250.0,605.0,160.0,200.0,1600.0,363.17,97.03
2022-12-28,300.0,140.0,280.0,650.0,160.0,150.0,1600.0,363.17,97.03
2022-12-29,260.0,150.0,280.0,650.0,160.0,150.0,1600.0,363.17,97.03
2022-12-30,260.0,150.0,280.0,650.0,160.0,150.0,1600.0,363.17,97.03
2023-01-02,300.0,150.0,200.0,650.0,200.0,160.0,1600.0,362.42,97.93
2023-01-03,300.0,150.0,220.0,650.0,200.0,160.0,1600.0,362.42,97.93
2023-01-04,260.0,150.0,220.0,650.0,200.0,160.0,1600.0,362.42,97.93
2023-01-05,260.0,150.0,200.0,680.0,200.0,160.0,1600.0,362.42,97.93
2023-01-06,,,,,,,,362.42,97.93
2023-01-09,220.0,120.0,160.0,680.0,200.0,150.0,1600.0,362.42,97.93
2023-01-10,220.0,120.0,160.0,700.0,180.0,140.0,1580.0,362.42,97.93
2023-01-11,220.0,100.0,160.0,700.0,180.0,140.0,1580.0,362.42,97.93
2023-01-12,250.0,100.0,200.0,700.0,180.0,140.0,1580.0,362.42,97.93
2023-01-13,250.0,100.0,200.0,700.0,180.0,140.0,1580.0,362.42,97.93
2023-01-16,,,,,,,,362.42,97.93
2023-01-17,200.0,120.0,240.0,650.0,170.0,130.0,1580.0,362.42,97.93
2023-01-18,200.0,100.0,240.0,650.0,170.0,130.0,1580.0,362.42,97.93
2023-01-19,200.0,100.0,180.0,650.0,170.0,130.0,1580.0,362.42,97.93
2023-01-20,200.0,100.0,180.0,650.0,170.0,130.0,1580.0,362.42,97.93
2023-01-23,200.0,100.0,200.0,650.0,170.0,130.0,1580.0,362.42,97.93
2023-01-24,200.0,100.0,200.0,650.0,170.0,130.0,1580.0,362.42,97.93
2023-01-25,200.0,90.0,160.0,400.0,160.0,130.0,1580.0,362.42,97.93
2023-01-26,200.0,90.0,180.0,400.0,160.0,130.0,1580.0,362.42,97.93
2023-01-27,200.0,100.0,180.0,400.0,160.0,130.0,1580.0,362.42,97.93
2023-01-30,200.0,90.0,180.0,400.0,160.0,130.0,1470.0,362.42,97.93
2023-01-31,200.0,90.0,180.0,400.0,160.0,130.0,1470.0,362.42,97.93
2023-02-01,160.0,90.0,200.0,400.0,160.0,130.0,1470.0,361.98,
2023-02-02,160.0,80.0,240.0,450.0,160.0,130.0,1470.0,361.98,
2023-02-03,160.0,80.0,300.0,450.0,160.0,130.0,1470.0,361.98,
2023-02-06,180.0,80.0,320.0,450.0,160.0,130.0,1470.0,361.98,
2023-02-07,160.0,80.0,320.0,450.0,160.0,130.0,1470.0,361.98,
2023-02-08,160.0,80.0,320.0,450.0,140.0,130.0,1470.0,361.98,
2023-02-09,160.0,80.0,300.0,450.0,140.0,130.0,1470.0,361.98,
2023-02-10,140.0,80.0,280.0,405.0,143.0,135.0,1460.0,361.98,
2023-02-13,160.0,80.0,250.0,450.0,160.0,240.0,1470.0,361.98,
2023-02-14,160.0,80.0,250.0,380.0,160.0,210.0,1470.0,361.98,
2023-02-15,140.0,80.0,200.0,380.0,160.0,210.0,1470.0,361.98,
2023-02-16,180.0,80.0,200.0,380.0,160.0,210.0,1470.0,361.98,
2023-02-17,200.0,80.0,200.0,380.0,160.0,210.0,1470.0,361.98,
2023-02-20,160.0,80.0,200.0,360.0,120.0,190.0,1470.0,361.98,
2023-02-21,160.0,80.0,200.0,360.0,120.0,190.0,1470.0,361.98,
2023-02-22,180.0,80.0,200.0,360.0,120.0,190.0,1470.0,361.98,
2023-02-23,180.0,80.0,180.0,360.0,120.0,190.0,1470.0,361.98,
2023-02-24,140.0,80.0,200.0,360.0,120.0,190.0,1470.0,361.98,
2023-02-27,160.0,100.0,200.0,360.0,120.0,180.0,1470.0,361.98,
2023-02-28,160.0,100.0,200.0,380.0,120.0,130.0,1470.0,361.98,
2023-03-01,160.0,100.0,200.0,380.0,120.0,130.0,1470.0,329.47,84.05
2023-03-02,160.0,120.0,200.0,380.0,120.0,130.0,1470.0,329.47,84.05
2023-03-03,160.0,120.0,200.0,380.0,120.0,130.0,1470.0,329.47,84.05
2023-03-06,,,,,,,,329.47,84.05
2023-03-07,160.0,120.0,200.0,380.0,120.0,130.0,1470.0,329.47,84.05
2023-03-08,160.0,120.0,180.0,380.0,120.0,130.0,1470.0,329.47,84.05
2023-03-09,140.0,100.0,200.0,320.0,120.0,140.0,1200.0,329.47,84.05
2023-03-10,140.0,100.0,180.0,320.0,120.0,140.0,1200.0,329.47,84.05
2023-03-13,140.0,100.0,200.0,320.0,113.0,140.0,1175.0,329.47,84.05
2023-03-14,140.0,100.0,240.0,320.0,110.0,140.0,1200.0,329.47,84.05
2023-03-15,140.0,100.0,240.0,320.0,110.0,140.0,1200.0,329.47,84.05
2023-03-16,140.0,100.0,240.0,320.0,110.0,140.0,1200.0,329.47,84.05
2023-03-17,140.0,100.0,240.0,350.0,110.0,140.0,1200.0,329.47,84.05
2023-03-20,140.0,100.0,280.0,350.0,120.0,140.0,1200.0,329.47,84.05
2023-03-21,140.0,100.0,280.0,350.0,120.0,140.0,1200.0,329.47,84.05
2023-03-22,140.0,100.0,250.0,350.0,130.0,150.0,1200.0,329.47,84.05
2023-03-23,140.0,100.0,270.0,320.0,110.0,150.0,1250.0,329.47,84.05
2023-03-24,120.0,100.0,250.0,320.0,110.0,150.0,1250.0,329.47,84.05
2023-03-27,140.0,120.0,250.0,350.0,100.0,150.0,1250.0,329.47,84.05
2023-03-28,140.0,120.0,250.0,350.0,100.0,150.0,1250.0,329.47,84.05
2023-03-29,140.0,120.0,220.0,350.0,110.0,150.0,1250.0,329.47,84.05
2023-03-30,160.0,120.0,200.0,350.0,110.0,150.0,1250.0,329.47,84.05
2023-03-31,160.0,100.0,200.0,350.0,110.0,150.0,1250.0,329.47,84.05
2023-04-03,140.0,120.0,200.0,370.0,110.0,150.0,1250.0,321.42,90.49
2023-04-04,140.0,120.0,200.0,370.0,110.0,150.0,1250.0,321.42,90.49
2023-04-05,,,,,,,,321.42,90.49
2023-04-06,140.0,120.0,200.0,400.0,120.0,170.0,1250.0,321.42,90.49
2023-04-07,,,,,,,,321.42,90.49
2023-04-10,150.0,150.0,300.0,400.0,120.0,170.0,1250.0,321.42,90.49
2023-04-11,150.0,150.0,300.0,400.0,120.0,170.0,1180.0,321.42,90.49
2023-04-12,250.0,180.0,300.0,400.0,120.0,170.0,1180.0,321.42,90.49
2023-04-13,,,,,,,,321.42,90.49
2023-04-14,,,,,,,,321.42,90.49
2023-04-17,250.0,200.0,200.0,450.0,120.0,180.0,1180.0,321.42,90.49
2023-04-18,230.0,200.0,200.0,450.0,120.0,180.0,1180.0,321.42,90.49
2023-04-19,200.0,200.0,200.0,450.0,120.0,180.0,1180.0,321.42,90.49
2023-04-20,200.0,220.0,180.0,450.0,120.0,180.0,1180.0,321.42,90.49
2023-04-21,200.0,200.0,180.0,450.0,120.0,180.0,1180.0,321.42,90.49
2023-04-24,180.0,200.0,140.0,400.0,120.0,170.0,1180.0,321.42,90.49
2023-04-25,180.0,200.0,140.0,400.0,120.0,170.0,1180.0,321.42,90.49
2023-04-26,150.0,200.0,160.0,400.0,120.0,170.0,1180.0,321.42,90.49
2023-04-27,150.0,200.0,160.0,400.0,120.0,170.0,1180.0,321.42,90.49
2023-04-28,150.0,200.0,200.0,400.0,120.0,170.0,1180.0,321.42,90.49
2023-05-01,,,,,,,,310.16,86.9
2023-05-02,160.0,200.0,280.0,380.0,130.0,170.0,1180.0,310.16,86.9
2023-05-03,160.0,200.0,320.0,390.0,130.0,180.0,1180.0,310.16,86.9
2023-05-04,160.0,220.0,330.0,400.0,130.0,180.0,1180.0,310.16,86.9
2023-05-05,,,,,,,,310.16,86.9
2023-05-08,180.0,200.0,280.0,400.0,130.0,200.0,1180.0,310.16,86.9
2023-05-09,200.0,200.0,280.0,450.0,130.0,200.0,1180.0,310.16,86.9
2023-05-10,200.0,200.0,280.0,450.0,130.0,200.0,1180.0,310.16,86.9
2023-05-11,180.0,200.0,350.0,450.0,120.0,200.0,1180.0,310.16,86.9
2023-05-12,180.0,200.0,380.0,450.0,120.0,200.0,1180.0,310.16,86.9
2023-05-15,240.0,250.0,430.0,500.0,120.0,210.0,1180.0,310.16,86.9
2023-05-16,240.0,250.0,430.0,500.0,120.0,210.0,1180.0,310.16,86.9
2023-05-17,220.0,230.0,430.0,500.0,120.0,210.0,1180.0,310.16,86.9
2023-05-18,220.0,230.0,400.0,460.0,120.0,210.0,1180.0,310.16,86.9
2023-05-19,220.0,230.0,400.0,450.0,120.0,210.0,1180.0,310.16,86.9
2023-05-22,300.0,260.0,350.0,,120.0,210.0,1180.0,310.16,86.9
2023-05-23,350.0,330.0,300.0,,120.0,210.0,1180.0,310.16,86.9
2023-05-24,320.0,330.0,300.0,320.0,120.0,200.0,1180.0,310.16,86.9
2023-05-25,320.0,330.0,300.0,320.0,120.0,200.0,1180.0,310.16,86.9
2023-05-26,300.0,380.0,300.0,350.0,120.0,200.0,1180.0,310.16,86.9
2023-05-29,350.0,380.0,300.0,350.0,120.0,200.0,1180.0,310.16,86.9
2023-05-30,350.0,400.0,300.0,400.0,120.0,200.0,1180.0,310.16,86.9
2023-05-31,320.0,400.0,320.0,400.0,120.0,200.0,1180.0,310.16,86.9
2023-06-01,350.0,400.0,320.0,400.0,120.0,200.0,1180.0,301.26,90.9
2023-06-02,350.0,400.0,320.0,400.0,120.0,200.0,1180.0,301.26,90.9
2023-06-05,350.0,350.0,260.0,400.0,120.0,180.0,1180.0,301.26,90.9
2023-06-06,350.0,350.0,240.0,400.0,120.0,180.0,1180.0,301.26,90.9
2023-06-07,320.0,350.0,240.0,450.0,120.0,180.0,1180.0,301.26,90.9
2023-06-08,320.0,350.0,240.0,450.0,120.0,180.0,1180.0,301.26,90.9
2023-06-09,350.0,300.0,240.0,450.0,120.0,180.0,1180.0,301.26,90.9
2023-06-12,380.0,260.0,240.0,450.0,120.0,180.0,1180.0,301.26,90.9
2023-06-13,380.0,250.0,240.0,430.0,120.0,180.0,1180.0,301.26,90.9
2023-06-14,350.0,250.0,240.0,430.0,120.0,180.0,1180.0,301.26,90.9
2023-06-15,350.0,250.0,280.0,400.0,120.0,180.0,1180.0,301.26,90.9
2023-06-16,330.0,250.0,280.0,400.0,120.0,180.0,1180.0,301.26,90.9
2023-06-19,360.0,230.0,220.0,400.0,130.0,200.0,1180.0,301.26,90.9
2023-06-20,350.0,230.0,220.0,400.0,130.0,200.0,1180.0,301.26,90.9
2023-06-21,370.0,220.0,220.0,400.0,130.0,200.0,1180.0,301.26,90.9
2023-06-22,380.0,220.0,220.0,400.0,130.0,200.0,1180.0,301.26,90.9
2023-06-23,380.0,220.0,240.0,420.0,140.0,210.0,1180.0,301.26,90.9
2023-06-26,450.0,230.0,220.0,350.0,120.0,210.0,1080.0,301.26,90.9
2023-06-27,450.0,230.0,280.0,350.0,120.0,210.0,1080.0,301.26,90.9
2023-06-28,450.0,230.0,330.0,380.0,120.0,210.0,1080.0,301.26,90.9
2023-06-29,,,,,,,,301.26,90.9
2023-06-30,,,,,,,,301.26,90.9
2023-07-03,,,,,,,,319.29,81.29
2023-07-04,450.0,250.0,400.0,380.0,140.0,230.0,1080.0,319.29,81.29
2023-07-05,470.0,220.0,460.0,380.0,140.0,230.0,1080.0,319.29,81.29
2023-07-06,500.0,250.0,460.0,380.0,140.0,230.0,1080.0,319.29,81.29
2023-07-07,460.0,250.0,460.0,390.0,140.0,230.0,1080.0,319.29,81.29
2023-07-10,460.0,220.0,480.0,380.0,160.0,230.0,1080.0,319.29,81.29
2023-07-11,400.0,200.0,520.0,380.0,160.0,230.0,1080.0,319.29,81.29
2023-07-12,430.0,200.0,520.0,350.0,160.0,230.0,1080.0,319.29,81.29
2023-07-13,400.0,200.0,520.0,380.0,140.0,210.0,1220.0,319.29,81.29
2023-07-14,400.0,180.0,520.0,380.0,140.0,210.0,1220.0,319.29,81.29
2023-07-17,450.0,180.0,520.0,400.0,140.0,210.0,1220.0,319.29,81.29
2023-07-18,450.0,180.0,500.0,450.0,140.0,210.0,1220.0,319.29,81.29
2023-07-19,450.0,180.0,350.0,433.0,140.0,210.0,1220.0,319.29,81.29
2023-07-20,450.0,180.0,350.0,460.0,140.0,210.0,1220.0,319.29,81.29
2023-07-21,480.0,180.0,350.0,450.0,120.0,210.0,1220.0,319.29,81.29
2023-07-24,500.0,200.0,300.0,450.0,120.0,200.0,1220.0,319.29,81.29
2023-07-25,530.0,200.0,300.0,400.0,120.0,200.0,1220.0,319.29,81.29
2023-07-26,,,,,,,,319.29,81.29
2023-07-27,500.0,200.0,300.0,400.0,120.0,200.0,1220.0,319.29,81.29
2023-07-28,500.0,200.0,250.0,400.0,130.0,200.0,1220.0,319.29,81.29
2023-07-31,450.0,200.0,280.0,,120.0,210.0,1250.0,319.29,81.29
2023-08-01,,,,,,,,321.58,81.53
2023-08-02,450.0,200.0,280.0,,120.0,210.0,1250.0,321.58,81.53
2023-08-03,480.0,220.0,280.0,,120.0,210.0,1250.0,321.58,81.53
2023-08-04,480.0,220.0,250.0,,120.0,210.0,1250.0,321.58,81.53
2023-08-07,480.0,220.0,250.0,,120.0,200.0,1250.0,321.58,81.53
2023-08-08,480.0,200.0,250.0,,120.0,200.0,1250.0,321.58,81.53
2023-08-09,450.0,200.0,250.0,,120.0,200.0,1250.0,321.58,81.53
2023-08-10,450.0,200.0,250.0,,120.0,200.0,1250.0,321.58,81.53
2023-08-11,420.0,200.0,230.0,,122.0,200.0,1250.0,321.58,81.53
2023-08-14,480.0,200.0,230.0,,160.0,200.0,1250.0,321.58,81.53
2023-08-15,480.0,200.0,200.0,,160.0,200.0,1250.0,321.58,81.53
2023-08-16,450.0,200.0,200.0,,160.0,200.0,1250.0,321.58,81.53
2023-08-17,450.0,200.0,200.0,,160.0,200.0,1250.0,321.58,81.53
2023-08-18,450.0,200.0,200.0,,160.0,200.0,1250.0,321.58,81.53
2023-08-21,350.0,200.0,180.0,,190.0,190.0,1180.0,321.58,81.53
2023-08-22,400.0,200.0,150.0,,200.0,190.0,1180.0,321.58,81.53
2023-08-23,400.0,200.0,150.0,,200.0,190.0,1180.0,321.58,81.53
2023-08-24,380.0,200.0,170.0,,200.0,200.0,1180.0,321.58,81.53
2023-08-25,350.0,200.0,150.0,,200.0,200.0,1180.0,321.58,81.53
2023-08-28,350.0,200.0,180.0,,210.0,200.0,1180.0,321.58,81.53
2023-08-29,350.0,200.0,150.0,,210.0,200.0,1150.0,321.58,81.53
2023-08-30,,,,,,,,321.58,81.53
2023-08-31,350.0,180.0,170.0,,210.0,200.0,1150.0,321.58,81.53
2023-09-01,300.0,160.0,150.0,,210.0,200.0,1150.0,322.77,
2023-09-04,250.0,160.0,150.0,,200.0,180.0,1150.0,322.77,
2023-09-05,280.0,150.0,150.0,,200.0,180.0,1150.0,322.77,
2023-09-06,300.0,150.0,150.0,,200.0,180.0,1150.0,322.77,
2023-09-07,260.0,120.0,150.0,,200.0,180.0,1150.0,322.77,
2023-09-08,250.0,120.0,150.0,,200.0,180.0,1150.0,322.77,
2023-09-11,250.0,120.0,150.0,,200.0,180.0,1150.0,322.77,
2023-09-12,220.0,120.0,150.0,,200.0,180.0,1150.0,322.77,
2023-09-13,220.0,120.0,150.0,,210.0,180.0,1150.0,322.77,
2023-09-14,220.0,120.0,150.0,,210.0,180.0,1150.0,322.77,
2023-09-15,200.0,100.0,150.0,,210.0,180.0,1150.0,322.77,
2023-09-18,200.0,100.0,160.0,,210.0,180.0,1150.0,322.77,
2023-09-19,200.0,100.0,160.0,,210.0,180.0,1150.0,322.77,
2023-09-20,200.0,100.0,160.0,,210.0,180.0,1150.0,322.77,
2023-09-21,160.0,100.0,160.0,,210.0,180.0,1150.0,322.77,
2023-09-22,140.0,90.0,150.0,,210.0,180.0,1150.0,322.77,
2023-09-25,160.0,100.0,180.0,,200.0,180.0,1150.0,322.77,
2023-09-26,160.0,100.0,180.0,,200.0,180.0,1150.0,322.77,
2023-09-27,160.0,120.0,180.0,,200.0,180.0,1150.0,322.77,
2023-09-28,,,,,,,,322.77,
2023-09-29,,,,,,,,322.77,
2023-10-02,200.0,120.0,180.0,,220.0,200.0,1150.0,324.73,88.98
2023-10-03,160.0,120.0,180.0,,220.0,200.0,1150.0,324.73,88.98
2023-10-04,200.0,120.0,180.0,,223.0,200.0,1150.0,324.73,88.98
2023-10-05,160.0,120.0,180.0,,250.0,200.0,1150.0,324.73,88.98
2023-10-06,200.0,140.0,180.0,,260.0,180.0,1150.0,324.73,88.98
2023-10-09,180.0,100.0,160.0,,250.0,200.0,1150.0,324.73,88.98
2023-10-10,200.0,100.0,160.0,,240.0,200.0,1150.0,324.73,88.98
2023-10-11,200.0,100.0,150.0,,240.0,200.0,1150.0,324.73,88.98
2023-10-12,180.0,120.0,150.0,,240.0,200.0,1150.0,324.73,88.98
2023-10-13,160.0,130.0,170.0,,240.0,220.0,1180.0,324.73,88.98
2023-10-16,170.0,150.0,230.0,,230.0,200.0,1180.0,324.73,88.98
2023-10-17,200.0,150.0,230.0,,230.0,200.0,1180.0,324.73,88.98
2023-10-18,200.0,130.0,200.0,,240.0,210.0,1180.0,324.73,88.98
2023-10-19,200.0,130.0,220.0,,240.0,210.0,1180.0,324.73,88.98
2023-10-20,200.0,130.0,220.0,,240.0,210.0,1180.0,324.73,88.98
2023-10-23,250.0,150.0,200.0,,240.0,180.0,1180.0,324.73,88.98
2023-10-24,250.0,150.0,200.0,,250.0,180.0,1180.0,324.73,88.98
2023-10-25,250.0,150.0,200.0,,250.0,180.0,1180.0,324.73,88.98
2023-10-26,250.0,150.0,200.0,,260.0,185.0,1150.0,324.73,88.98
2023-10-27,280.0,150.0,200.0,,260.0,185.0,1150.0,324.73,88.98
2023-10-30,300.0,300.0,200.0,,320.0,200.0,1150.0,324.73,88.98
2023-10-31,300.0,280.0,160.0,,320.0,200.0,1150.0,324.73,88.98
2023-11-01,250.0,250.0,160.0,,320.0,200.0,1150.0,328.25,99.98
2023-11-02,270.0,270.0,170.0,,320.0,200.0,1150.0,328.25,99.98
2023-11-03,270.0,250.0,200.0,,320.0,200.0,1150.0,328.25,99.98
2023-11-06,270.0,250.0,200.0,,320.0,200.0,1150.0,328.25,99.98
2023-11-07,300.0,250.0,250.0,,300.0,210.0,1150.0,328.25,99.98
2023-11-08,300.0,250.0,250.0,,280.0,210.0,1150.0,328.25,99.98
2023-11-09,300.0,230.0,250.0,,280.0,210.0,1150.0,328.25,99.98
2023-11-10,300.0,230.0,250.0,,280.0,210.0,1150.0,328.25,99.98
2023-11-13,350.0,280.0,350.0,,280.0,210.0,1150.0,328.25,99.98
2023-11-14,350.0,280.0,350.0,,280.0,210.0,1150.0,328.25,99.98
2023-11-15,350.0,300.0,350.0,,280.0,210.0,1150.0,328.25,99.98
2023-11-16,370.0,300.0,350.0,,280.0,220.0,1150.0,328.25,99.98
2023-11-17,350.0,300.0,320.0,,280.0,220.0,1150.0,328.25,99.98
2023-11-20,370.0,280.0,300.0,,270.0,220.0,1150.0,328.25,99.98
2023-11-21,370.0,280.0,300.0,,270.0,220.0,1150.0,328.25,99.98
2023-11-22,350.0,320.0,330.0,,270.0,220.0,1150.0,328.25,99.98
2023-11-23,350.0,350.0,380.0,,250.0,200.0,1150.0,328.25,99.98
2023-11-24,330.0,350.0,380.0,,250.0,200.0,1150.0,328.25,99.98
2023-11-27,380.0,400.0,400.0,,250.0,200.0,1150.0,328.25,99.98
2023-11-28,380.0,380.0,400.0,,250.0,200.0,1150.0,328.25,99.98
2023-11-29,380.0,380.0,400.0,,250.0,200.0,1150.0,328.25,99.98
2023-11-30,280.0,350.0,400.0,,250.0,200.0,1150.0,328.25,99.98
2023-12-01,280.0,300.0,400.0,,250.0,200.0,1150.0,326.74,97.62
2023-12-04,280.0,400.0,650.0,,280.0,230.0,1150.0,326.74,97.62
2023-12-05,350.0,450.0,650.0,,280.0,230.0,1150.0,326.74,97.62
2023-12-06,350.0,450.0,600.0,,280.0,230.0,1150.0,326.74,97.62
2023-12-07,400.0,450.0,550.0,,280.0,230.0,1150.0,326.74,97.62
2023-12-08,360.0,450.0,550.0,,280.0,230.0,1150.0,326.74,97.62
2023-12-11,360.0,420.0,550.0,,380.0,220.0,1150.0,326.74,97.62
2023-12-12,360.0,420.0,550.0,,430.0,220.0,1150.0,326.74,97.62
2023-12-13,400.0,420.0,600.0,,440.0,220.0,1150.0,326.74,97.62
2023-12-14,360.0,400.0,600.0,,460.0,220.0,1150.0,326.74,97.62
2023-12-15,420.0,400.0,550.0,,460.0,220.0,1150.0,326.74,97.62
2023-12-18,400.0,370.0,550.0,,460.0,220.0,1150.0,326.74,97.62
2023-12-19,370.0,370.0,575.0,,525.0,240.0,1100.0,326.74,97.62
2023-12-20,370.0,400.0,650.0,,525.0,240.0,1100.0,326.74,97.62
2023-12-21,400.0,400.0,650.0,,525.0,240.0,1100.0,326.74,97.62
2023-12-22,400.0,400.0,700.0,,450.0,240.0,1100.0,326.74,97.62
2023-12-25,,,,,,,,326.74,97.62
2023-12-26,,,,,,,,326.74,97.62
2023-12-27,650.0,500.0,400.0,,475.0,200.0,1100.0,326.74,97.62
2023-12-28,600.0,500.0,450.0,,475.0,200.0,1100.0,326.74,97.62
2023-12-29,600.0,500.0,450.0,,475.0,200.0,1100.0,326.74,97.62
2024-01-01,,,,,,,,321.17,91.48
2024-01-02,750.0,550.0,700.0,,450.0,160.0,1100.0,321.17,91.48
2024-01-03,750.0,500.0,700.0,550.0,450.0,160.0,1100.0,321.17,91.48
2024-01-04,800.0,450.0,600.0,550.0,450.0,160.0,1100.0,321.17,91.48
2024-01-05,750.0,480.0,600.0,550.0,450.0,160.0,1100.0,321.17,91.48
2024-01-08,950.0,480.0,400.0,450.0,500.0,160.0,1100.0,321.17,91.48
2024-01-09,900.0,480.0,400.0,350.0,500.0,160.0,1100.0,321.17,91.48
2024-01-10,1000.0,500.0,400.0,400.0,487.0,180.0,1100.0,321.17,91.48
2024-01-11,1000.0,550.0,400.0,400.0,487.0,180.0,1100.0,321.17,91.48
2024-01-12,1000.0,550.0,500.0,400.0,487.0,180.0,1100.0,321.17,91.48
2024-01-15,,,,,,,,321.17,91.48
2024-01-16,1900.0,750.0,350.0,450.0,450.0,180.0,1100.0,321.17,91.48
2024-01-17,2100.0,750.0,400.0,450.0,430.0,180.0,1100.0,321.17,91.48
2024-01-18,2000.0,750.0,400.0,450.0,430.0,180.0,1100.0,321.17,91.48
2024-01-19,1900.0,700.0,350.0,450.0,415.0,180.0,1100.0,321.17,91.48
2024-01-22,1100.0,550.0,600.0,450.0,430.0,220.0,1100.0,321.17,91.48
2024-01-23,1100.0,550.0,600.0,450.0,430.0,220.0,1100.0,321.17,91.48
2024-01-24,1300.0,650.0,650.0,450.0,420.0,220.0,1100.0,321.17,91.48
2024-01-25,,,,,,,,321.17,91.48
2024-01-26,1600.0,600.0,650.0,450.0,440.0,230.0,1100.0,321.17,91.48
2024-01-29,1500.0,650.0,700.0,450.0,400.0,250.0,1100.0,321.17,91.48
2024-01-30,1400.0,650.0,700.0,450.0,400.0,250.0,1100.0,321.17,91.48
2024-01-31,1400.0,650.0,700.0,450.0,400.0,250.0,1100.0,321.17,91.48
2024-02-01,1200.0,600.0,650.0,450.0,400.0,250.0,1100.0,312.58,81.33
2024-02-02,1100.0,550.0,600.0,450.0,400.0,250.0,1100.0,312.58,81.33
2024-02-05,1100.0,450.0,650.0,450.0,380.0,250.0,1100.0,312.58,81.33
2024-02-06,1100.0,450.0,700.0,450.0,370.0,130.0,1100.0,312.58,81.33
2024-02-07,1100.0,430.0,700.0,290.0,370.0,135.0,1000.0,312.58,81.33
2024-02-08,900.0,430.0,750.0,290.0,370.0,135.0,1000.0,312.58,81.33
2024-02-09,800.0,450.0,750.0,290.0,370.0,135.0,1000.0,312.58,81.33
2024-02-12,800.0,450.0,800.0,290.0,400.0,150.0,1000.0,312.58,81.33
2024-02-13,800.0,450.0,850.0,290.0,400.0,150.0,1000.0,312.58,81.33
2024-02-14,800.0,450.0,750.0,290.0,420.0,150.0,1000.0,312.58,81.33
2024-02-15,700.0,450.0,750.0,290.0,400.0,140.0,1000.0,312.58,81.33
2024-02-16,500.0,450.0,800.0,290.0,400.0,140.0,1000.0,312.58,81.33
2024-02-19,450.0,450.0,950.0,290.0,430.0,150.0,1000.0,312.58,81.33
2024-02-20,480.0,450.0,950.0,290.0,430.0,150.0,1000.0,312.58,81.33
2024-02-21,480.0,450.0,800.0,290.0,440.0,150.0,1000.0,312.58,81.33
2024-02-22,480.0,450.0,700.0,290.0,475.0,150.0,1000.0,312.58,81.33
2024-02-23,,,,,,,,312.58,81.33
2024-02-26,450.0,400.0,600.0,290.0,450.0,140.0,1000.0,312.58,81.33
2024-02-27,470.0,400.0,600.0,290.0,450.0,140.0,1000.0,312.58,81.33
2024-02-28,450.0,380.0,630.0,290.0,450.0,140.0,1000.0,312.58,81.33
2024-02-29,500.0,450.0,630.0,300.0,450.0,140.0,1000.0,312.58,81.33
2024-03-01,500.0,400.0,600.0,300.0,450.0,140.0,1000.0,305.66,82.76
2024-03-04,370.0,350.0,550.0,270.0,400.0,180.0,1000.0,305.66,82.76
2024-03-05,350.0,350.0,500.0,270.0,400.0,180.0,1000.0,305.66,82.76
2024-03-06,350.0,350.0,350.0,300.0,400.0,180.0,1000.0,305.66,82.76
2024-03-07,350.0,400.0,350.0,300.0,400.0,180.0,1000.0,305.66,82.76
2024-03-08,,,,,,,,305.66,82.76
2024-03-11,500.0,480.0,400.0,400.0,775.0,220.0,1000.0,305.66,82.76
2024-03-12,400.0,500.0,400.0,400.0,700.0,220.0,1000.0,305.66,82.76
2024-03-13,420.0,530.0,400.0,400.0,700.0,220.0,1000.0,305.66,82.76
2024-03-14,450.0,530.0,350.0,350.0,600.0,220.0,1000.0,305.66,82.76
2024-03-15,370.0,530.0,350.0,350.0,600.0,220.0,1000.0,305.66,82.76
2024-03-18,300.0,530.0,250.0,350.0,580.0,220.0,1000.0,305.66,82.76
2024-03-19,300.0,380.0,250.0,350.0,550.0,220.0,1000.0,305.66,82.76
2024-03-20,300.0,350.0,250.0,300.0,520.0,220.0,850.0,305.66,82.76
2024-03-21,350.0,350.0,250.0,300.0,520.0,220.0,850.0,305.66,82.76
2024-03-22,350.0,250.0,250.0,300.0,520.0,200.0,850.0,305.66,82.76
2024-03-25,350.0,300.0,250.0,300.0,520.0,200.0,850.0,305.66,82.76
2024-03-26,330.0,300.0,250.0,250.0,600.0,200.0,850.0,305.66,82.76
2024-03-27,330.0,250.0,200.0,250.0,600.0,200.0,850.0,305.66,82.76
2024-03-28,300.0,250.0,200.0,250.0,600.0,200.0,850.0,305.66,82.76
2024-03-29,,,,,,,,305.66,82.76
2024-04-01,300.0,200.0,180.0,200.0,580.0,200.0,850.0,299.42,86.0
2024-04-02,280.0,200.0,180.0,230.0,580.0,200.0,850.0,299.42,86.0
2024-04-03,380.0,200.0,150.0,250.0,580.0,200.0,850.0,299.42,86.0
2024-04-04,350.0,220.0,150.0,300.0,600.0,220.0,850.0,299.42,86.0
2024-04-05,300.0,220.0,130.0,300.0,630.0,220.0,850.0,299.42,86.0
2024-04-08,280.0,200.0,200.0,370.0,575.0,180.0,850.0,299.42,86.0
2024-04-09,280.0,200.0,200.0,370.0,495.0,180.0,850.0,299.42,86.0
2024-04-10,250.0,200.0,200.0,430.0,508.0,180.0,850.0,299.42,86.0
2024-04-11,,,,,,,,299.42,86.0
2024-04-12,,,,,,,,299.42,86.0
2024-04-15,330.0,280.0,150.0,,450.0,170.0,780.0,299.42,86.0
2024-04-16,330.0,230.0,150.0,,520.0,220.0,850.0,299.42,86.0
2024-04-17,280.0,200.0,100.0,,540.0,200.0,850.0,299.42,86.0
2024-04-18,250.0,200.0,100.0,,540.0,200.0,850.0,299.42,86.0
2024-04-19,250.0,200.0,100.0,,540.0,200.0,850.0,299.42,86.0
2024-04-22,230.0,150.0,100.0,300.0,500.0,180.0,850.0,299.42,86.0
2024-04-23,,,,,,,,299.42,86.0
2024-04-24,250.0,180.0,100.0,300.0,600.0,180.0,850.0,299.42,86.0
2024-04-25,250.0,180.0,100.0,300.0,583.0,180.0,850.0,299.42,86.0
2024-04-26,230.0,150.0,100.0,300.0,593.0,180.0,850.0,299.42,86.0
2024-04-29,230.0,150.0,100.0,,560.0,200.0,850.0,299.42,86.0
2024-04-30,200.0,120.0,100.0,,520.0,200.0,850.0,299.42,86.0
2024-05-01,,,,,,,,299.69,88.49
2024-05-02,180.0,120.0,100.0,,480.0,200.0,850.0,299.69,88.49
2024-05-03,180.0,120.0,100.0,,420.0,200.0,850.0,299.69,88.49
2024-05-06,180.0,150.0,100.0,,260.0,200.0,850.0,299.69,88.49
2024-05-07,180.0,150.0,100.0,,250.0,200.0,850.0,299.69,88.49
2024-05-08,180.0,180.0,80.0,,173.0,200.0,850.0,299.69,88.49
2024-05-09,180.0,150.0,80.0,,163.0,180.0,800.0,299.69,88.49
2024-05-10,170.0,150.0,80.0,,163.0,180.0,800.0,299.69,88.49
2024-05-13,200.0,150.0,100.0,,157.0,180.0,800.0,299.69,88.49
2024-05-14,150.0,100.0,100.0,,157.0,180.0,800.0,299.69,88.49
2024-05-15,150.0,100.0,120.0,,185.0,180.0,800.0,299.69,88.49
2024-05-16,150.0,100.0,120.0,,185.0,180.0,800.0,299.69,88.49
2024-05-17,170.0,130.0,120.0,,185.0,180.0,800.0,299.69,88.49
2024-05-20,150.0,100.0,230.0,,197.0,180.0,800.0,299.69,88.49
2024-05-21,180.0,100.0,180.0,,197.0,180.0,800.0,299.69,88.49
2024-05-22,230.0,100.0,180.0,,180.0,180.0,800.0,299.69,88.49
2024-05-23,,,,,,,,299.69,88.49
2024-05-24,,,,,,,,299.69,88.49
2024-05-27,170.0,130.0,180.0,,180.0,200.0,800.0,299.69,88.49
2024-05-28,200.0,100.0,180.0,,180.0,200.0,800.0,299.69,88.49
2024-05-29,200.0,100.0,180.0,,190.0,200.0,800.0,299.69,88.49
2024-05-30,200.0,120.0,180.0,420.0,190.0,200.0,800.0,299.69,88.49
2024-05-31,180.0,100.0,180.0,420.0,200.0,200.0,800.0,299.69,88.49
2024-06-03,180.0,100.0,180.0,420.0,200.0,200.0,800.0,303.81,92.88
2024-06-04,170.0,120.0,200.0,420.0,187.0,200.0,800.0,303.81,92.88
2024-06-05,200.0,120.0,200.0,420.0,187.0,200.0,800.0,303.81,92.88
2024-06-06,200.0,120.0,200.0,420.0,187.0,200.0,800.0,303.81,92.88
2024-06-07,200.0,120.0,270.0,420.0,187.0,200.0,800.0,303.81,92.88
2024-06-10,350.0,150.0,400.0,420.0,190.0,220.0,850.0,303.81,92.88
2024-06-11,350.0,150.0,450.0,420.0,190.0,220.0,850.0,303.81,92.88
2024-06-12,400.0,150.0,470.0,480.0,193.0,230.0,850.0,303.81,92.88
2024-06-13,350.0,150.0,470.0,480.0,193.0,230.0,850.0,303.81,92.88
2024-06-14,350.0,170.0,470.0,480.0,193.0,230.0,850.0,303.81,92.88
2024-06-17,,,,,,,,303.81,92.88
2024-06-18,330.0,170.0,450.0,500.0,193.0,230.0,850.0,303.81,92.88
2024-06-19,370.0,170.0,450.0,500.0,193.0,230.0,850.0,303.81,92.88
2024-06-20,450.0,200.0,600.0,500.0,193.0,230.0,850.0,303.81,92.88
2024-06-21,,,,,,,,303.81,92.88
2024-06-24,450.0,250.0,550.0,500.0,260.0,230.0,850.0,303.81,92.88
2024-06-25,450.0,250.0,600.0,500.0,260.0,230.0,850.0,303.81,92.88
2024-06-26,500.0,250.0,600.0,500.0,260.0,230.0,850.0,303.81,92.88
2024-06-27,450.0,250.0,600.0,500.0,260.0,230.0,850.0,303.81,92.88
2024-06-28,430.0,250.0,600.0,500.0,260.0,230.0,850.0,303.81,92.88
2024-07-01,400.0,250.0,600.0,500.0,260.0,220.0,850.0,303.76,87.57
2024-07-02,450.0,230.0,450.0,500.0,260.0,230.0,850.0,303.76,87.57
2024-07-03,480.0,230.0,350.0,500.0,260.0,230.0,850.0,303.76,87.57
2024-07-04,400.0,230.0,350.0,480.0,260.0,230.0,850.0,303.76,87.57
2024-07-05,400.0,230.0,350.0,480.0,260.0,230.0,850.0,303.76,87.57
2024-07-08,350.0,250.0,300.0,480.0,260.0,230.0,850.0,303.76,87.57
2024-07-09,350.0,250.0,250.0,480.0,260.0,230.0,850.0,303.76,87.57
2024-07-10,350.0,280.0,280.0,480.0,260.0,260.0,850.0,303.76,87.57
2024-07-11,400.0,280.0,280.0,430.0,235.0,280.0,850.0,303.76,87.57
2024-07-12,380.0,280.0,280.0,430.0,235.0,280.0,850.0,303.76,87.57
2024-07-15,400.0,250.0,400.0,430.0,235.0,307.0,850.0,303.76,87.57
2024-07-16,400.0,300.0,400.0,430.0,235.0,280.0,850.0,303.76,87.57
2024-07-17,400.0,280.0,400.0,430.0,240.0,280.0,850.0,303.76,87.57
2024-07-18,320.0,300.0,400.0,370.0,280.0,280.0,850.0,303.76,87.57
2024-07-19,300.0,300.0,400.0,370.0,280.0,280.0,850.0,303.76,87.57
2024-07-22,450.0,300.0,400.0,,260.0,280.0,850.0,303.76,87.57
2024-07-23,470.0,300.0,400.0,320.0,280.0,280.0,850.0,303.76,87.57
2024-07-24,450.0,380.0,350.0,350.0,260.0,280.0,850.0,303.76,87.57
2024-07-25,400.0,380.0,300.0,350.0,240.0,280.0,850.0,303.76,87.57
2024-07-26,400.0,400.0,300.0,350.0,240.0,270.0,850.0,303.76,87.57
2024-07-29,350.0,350.0,250.0,400.0,240.0,270.0,850.0,303.76,87.57
2024-07-30,320.0,320.0,250.0,400.0,240.0,270.0,850.0,303.76,87.57
2024-07-31,350.0,350.0,250.0,400.0,240.0,250.0,850.0,303.76,87.57
2024-08-01,320.0,370.0,250.0,400.0,220.0,250.0,850.0,300.67,
2024-08-02,350.0,350.0,230.0,400.0,220.0,250.0,850.0,300.67,
2024-08-05,350.0,320.0,250.0,400.0,220.0,270.0,850.0,300.67,
2024-08-06,370.0,330.0,270.0,400.0,220.0,270.0,850.0,300.67,
2024-08-07,300.0,350.0,270.0,400.0,220.0,270.0,850.0,300.67,
2024-08-08,280.0,300.0,250.0,400.0,220.0,270.0,850.0,300.67,
2024-08-09,250.0,300.0,250.0,400.0,220.0,270.0,850.0,300.67,
2024-08-12,300.0,270.0,250.0,400.0,220.0,270.0,850.0,300.67,
2024-08-13,300.0,270.0,200.0,400.0,245.0,270.0,850.0,300.67,
2024-08-14,300.0,270.0,250.0,375.0,240.0,250.0,850.0,300.67,
2024-08-15,250.0,250.0,250.0,,213.0,250.0,850.0,300.67,
2024-08-16,250.0,250.0,200.0,,220.0,260.0,850.0,300.67,
2024-08-19,,,,,,,,300.67,
2024-08-20,250.0,250.0,200.0,,220.0,260.0,850.0,300.67,
2024-08-21,230.0,230.0,200.0,,220.0,230.0,850.0,300.67,
2024-08-22,230.0,220.0,180.0,,250.0,230.0,850.0,300.67,
2024-08-23,230.0,240.0,180.0,,240.0,230.0,850.0,300.67,
2024-08-26,200.0,220.0,200.0,,265.0,200.0,850.0,300.67,
2024-08-27,230.0,230.0,200.0,,265.0,200.0,850.0,300.67,
2024-08-28,230.0,230.0,200.0,,265.0,200.0,850.0,300.67,
2024-08-29,250.0,230.0,230.0,,265.0,200.0,850.0,300.67,
2024-08-30,230.0,200.0,200.0,,260.0,200.0,850.0,300.67,
2024-09-02,250.0,250.0,200.0,,260.0,200.0,850.0,301.15,87.38
2024-09-03,250.0,250.0,200.0,,260.0,200.0,850.0,301.15,87.38
2024-09-04,230.0,270.0,200.0,,260.0,190.0,850.0,301.15,87.38
2024-09-05,230.0,270.0,200.0,,255.0,200.0,860.0,301.15,87.38
2024-09-06,230.0,270.0,180.0,,255.0,200.0,860.0,301.15,87.38
2024-09-09,230.0,250.0,180.0,,250.0,200.0,830.0,301.15,87.38
2024-09-10,250.0,230.0,200.0,,255.0,200.0,830.0,301.15,87.38
2024-09-11,230.0,230.0,200.0,,255.0,200.0,830.0,301.15,87.38
2024-09-12,200.0,230.0,230.0,,255.0,200.0,830.0,301.15,87.38
2024-09-13,200.0,230.0,200.0,,255.0,200.0,830.0,301.15,87.38
2024-09-16,,,,,,,,301.15,87.38
2024-09-17,,,,,,,,301.15,87.38
2024-09-18,200.0,230.0,200.0,,260.0,200.0,830.0,301.15,87.38
2024-09-19,200.0,230.0,200.0,,280.0,200.0,830.0,301.15,87.38
2024-09-20,200.0,230.0,200.0,,280.0,200.0,830.0,301.15,87.38
2024-09-23,200.0,250.0,230.0,,285.0,200.0,830.0,301.15,87.38
2024-09-24,230.0,300.0,250.0,,290.0,200.0,830.0,301.15,87.38
2024-09-25,200.0,300.0,230.0,,280.0,200.0,830.0,301.15,87.38
2024-09-26,200.0,250.0,200.0,,275.0,200.0,830.0,301.15,87.38
2024-09-27,150.0,230.0,180.0,,275.0,200.0,830.0,301.15,87.38
2024-09-30,170.0,230.0,300.0,,275.0,200.0,830.0,301.15,87.38
2024-10-01,150.0,230.0,300.0,,275.0,200.0,830.0,293.79,81.75
2024-10-02,150.0,200.0,300.0,,250.0,200.0,830.0,293.79,81.75
2024-10-03,150.0,220.0,280.0,,250.0,200.0,830.0,293.79,81.75
2024-10-04,150.0,200.0,250.0,,250.0,200.0,830.0,293.79,81.75
2024-10-07,180.0,180.0,300.0,,250.0,200.0,830.0,293.79,81.75
2024-10-08,150.0,180.0,280.0,,270.0,200.0,830.0,293.79,81.75
2024-10-09,170.0,200.0,300.0,,270.0,200.0,830.0,293.79,81.75
2024-10-10,150.0,170.0,280.0,,260.0,200.0,830.0,293.79,81.75
2024-10-11,130.0,150.0,250.0,,250.0,200.0,830.0,293.79,81.75
2024-10-14,150.0,150.0,350.0,,250.0,200.0,830.0,293.79,81.75
2024-10-15,130.0,130.0,300.0,,250.0,200.0,830.0,293.79,81.75
2024-10-16,120.0,130.0,300.0,,250.0,200.0,830.0,293.79,81.75
2024-10-17,,,,,,,,293.79,81.75
2024-10-18,120.0,130.0,250.0,,250.0,180.0,830.0,293.79,81.75
2024-10-21,150.0,180.0,300.0,,250.0,200.0,830.0,293.79,81.75
2024-10-22,150.0,150.0,250.0,,250.0,200.0,830.0,293.79,81.75
2024-10-23,130.0,150.0,250.0,,250.0,200.0,830.0,293.79,81.75
2024-10-24,130.0,150.0,250.0,,250.0,200.0,830.0,293.79,81.75
2024-10-25,150.0,150.0,250.0,,250.0,200.0,830.0,293.79,81.75
2024-10-28,150.0,170.0,270.0,,250.0,200.0,830.0,293.79,81.75
2024-10-29,140.0,130.0,250.0,,250.0,200.0,830.0,293.79,81.75
2024-10-30,130.0,130.0,250.0,,277.0,200.0,830.0,293.79,81.75
2024-10-31,,,,,,,,293.79,81.75
2024-11-01,150.0,150.0,250.0,,277.0,200.0,830.0,292.01,76.72
2024-11-04,130.0,130.0,250.0,,277.0,200.0,830.0,292.01,76.72
2024-11-05,130.0,100.0,230.0,,277.0,200.0,830.0,292.01,76.72
2024-11-06,100.0,100.0,230.0,,277.0,200.0,830.0,292.01,76.72
2024-11-07,130.0,120.0,230.0,,277.0,200.0,830.0,292.01,76.72
2024-11-08,150.0,120.0,230.0,,277.0,205.0,830.0,292.01,76.72
2024-11-11,140.0,100.0,300.0,,287.0,205.0,830.0,292.01,76.72
2024-11-12,160.0,130.0,300.0,,287.0,205.0,830.0,292.01,76.72
2024-11-13,150.0,100.0,300.0,,290.0,205.0,830.0,292.01,76.72
2024-11-14,130.0,100.0,250.0,,293.0,205.0,830.0,292.01,76.72
2024-11-15,,,,,,,,292.01,76.72
2024-11-18,130.0,100.0,250.0,,300.0,205.0,830.0,292.01,76.72
2024-11-19,120.0,100.0,250.0,,300.0,205.0,830.0,292.01,76.72
2024-11-20,120.0,100.0,250.0,,400.0,200.0,830.0,292.01,76.72
2024-11-21,120.0,80.0,250.0,,320.0,200.0,830.0,292.01,76.72
2024-11-22,120.0,80.0,250.0,,320.0,200.0,830.0,292.01,76.72
2024-11-25,150.0,100.0,280.0,,320.0,215.0,830.0,292.01,76.72
2024-11-26,180.0,100.0,280.0,,320.0,215.0,830.0,292.01,76.72
2024-11-27,180.0,130.0,300.0,,320.0,215.0,830.0,292.01,76.72
2024-11-28,170.0,150.0,300.0,,330.0,215.0,830.0,292.01,76.72
2024-11-29,200.0,130.0,300.0,,330.0,215.0,830.0,292.01,76.72
2024-12-02,200.0,130.0,320.0,,315.0,215.0,830.0,291.68,77.5
2024-12-03,150.0,150.0,300.0,380.0,330.0,250.0,830.0,291.68,77.5
2024-12-04,150.0,130.0,250.0,380.0,297.0,250.0,830.0,291.68,77.5
2024-12-05,150.0,130.0,250.0,420.0,330.0,250.0,800.0,291.68,77.5
2024-12-06,130.0,100.0,250.0,420.0,330.0,250.0,800.0,291.68,77.5
2024-12-09,180.0,130.0,300.0,400.0,290.0,285.0,800.0,291.68,77.5
2024-12-10,200.0,150.0,280.0,400.0,290.0,285.0,800.0,291.68,77.5
2024-12-11,180.0,230.0,280.0,400.0,267.0,285.0,800.0,291.68,77.5
2024-12-12,200.0,230.0,250.0,400.0,267.0,285.0,800.0,291.68,77.5
2024-12-13,230.0,250.0,250.0,400.0,267.0,285.0,800.0,291.68,77.5
2024-12-16,200.0,300.0,400.0,400.0,267.0,280.0,800.0,291.68,77.5
2024-12-17,180.0,250.0,480.0,450.0,267.0,260.0,800.0,291.68,77.5
2024-12-18,200.0,250.0,550.0,400.0,240.0,260.0,800.0,291.68,77.5
2024-12-19,180.0,200.0,550.0,400.0,240.0,260.0,800.0,291.68,77.5
2024-12-20,200.0,200.0,530.0,400.0,240.0,260.0,800.0,291.68,77.5
2024-12-23,200.0,200.0,450.0,400.0,240.0,230.0,900.0,291.68,77.5
2024-12-24,200.0,200.0,350.0,400.0,240.0,260.0,900.0,291.68,77.5
2024-12-25,,,,,,,,291.68,77.5
2024-12-26,200.0,200.0,300.0,400.0,227.0,250.0,900.0,291.68,77.5
2024-12-27,180.0,200.0,330.0,400.0,183.0,230.0,900.0,291.68,77.5
2024-12-30,250.0,200.0,300.0,400.0,190.0,230.0,900.0,291.68,77.5
2024-12-31,300.0,180.0,300.0,400.0,183.0,240.0,900.0,291.68,77.5
2025-01-01,250.0,150.0,250.0,400.0,183.0,240.0,900.0,296.18,76.14
2025-01-02,250.0,180.0,250.0,400.0,183.0,240.0,900.0,296.18,76.14
2025-01-03,300.0,220.0,450.0,450.0,203.0,230.0,900.0,296.18,76.14
2025-01-06,230.0,200.0,400.0,480.0,225.0,230.0,900.0,296.18,76.14
2025-01-07,300.0,200.0,350.0,480.0,225.0,220.0,900.0,296.18,76.14
2025-01-08,250.0,180.0,300.0,480.0,220.0,220.0,900.0,296.18,76.14
2025-01-09,230.0,180.0,280.0,480.0,210.0,220.0,900.0,296.18,76.14
2025-01-10,250.0,200.0,300.0,480.0,210.0,220.0,900.0,296.18,76.14
2025-01-13,,,,,,,,296.18,76.14
2025-01-14,,,,,,,,296.18,76.14
2025-01-15,300.0,200.0,300.0,480.0,210.0,220.0,900.0,296.18,76.14
2025-01-16,330.0,200.0,300.0,480.0,210.0,220.0,900.0,296.18,76.14
2025-01-17,300.0,200.0,250.0,480.0,210.0,220.0,900.0,296.18,76.14
2025-01-20,300.0,200.0,300.0,486.0,210.0,220.0,900.0,296.18,76.14
2025-01-21,250.0,200.0,300.0,500.0,260.0,240.0,900.0,296.18,76.14
2025-01-22,300.0,200.0,300.0,550.0,300.0,260.0,900.0,296.18,76.14
2025-01-23,300.0,200.0,350.0,550.0,280.0,213.0,900.0,296.18,76.14
2025-01-24,330.0,200.0,350.0,600.0,280.0,213.0,900.0,296.18,76.14
2025-01-27,350.0,200.0,300.0,600.0,260.0,207.0,900.0,296.18,76.14
2025-01-28,350.0,200.0,300.0,550.0,220.0,207.0,900.0,296.18,76.14
2025-01-29,350.0,180.0,300.0,550.0,220.0,210.0,900.0,296.18,76.14
2025-01-30,330.0,180.0,320.0,550.0,220.0,220.0,900.0,296.18,76.14
2025-01-31,350.0,200.0,350.0,550.0,220.0,220.0,900.0,296.18,76.14
2025-02-03,350.0,250.0,300.0,550.0,180.0,210.0,900.0,296.8,76.32
2025-02-04,,,,,,,,296.8,76.32
2025-02-05,500.0,250.0,250.0,550.0,180.0,210.0,900.0,296.8,76.32
2025-02-06,500.0,250.0,250.0,550.0,180.0,200.0,900.0,296.8,76.32
2025-02-07,550.0,250.0,250.0,500.0,180.0,215.0,900.0,296.8,76.32
2025-02-10,700.0,300.0,200.0,425.0,160.0,205.0,900.0,296.8,76.32
2025-02-11,750.0,300.0,250.0,375.0,160.0,205.0,900.0,296.8,76.32
2025-02-12,,,,,,,,296.8,76.32
2025-02-13,700.0,330.0,250.0,390.0,160.0,205.0,900.0,296.8,76.32
2025-02-14,650.0,350.0,200.0,390.0,160.0,200.0,900.0,296.8,76.32
2025-02-17,850.0,350.0,170.0,390.0,160.0,190.0,900.0,296.8,76.32
2025-02-18,850.0,350.0,170.0,390.0,160.0,190.0,900.0,296.8,76.32
2025-02-19,650.0,350.0,170.0,390.0,170.0,190.0,900.0,296.8,76.32
2025-02-20,650.0,370.0,170.0,390.0,160.0,190.0,900.0,296.8,76.32
2025-02-21,650.0,370.0,200.0,390.0,160.0,190.0,900.0,296.8,76.32
2025-02-24,1100.0,350.0,170.0,350.0,150.0,190.0,900.0,296.8,76.32
2025-02-25,1000.0,370.0,170.0,350.0,150.0,190.0,900.0,296.8,76.32
2025-02-26,,,,,,,,296.8,76.32
2025-02-27,700.0,330.0,160.0,350.0,150.0,190.0,900.0,296.8,76.32
2025-02-28,900.0,400.0,200.0,350.0,160.0,190.0,900.0,296.8,76.32
2025-03-03,800.0,400.0,230.0,350.0,150.0,180.0,700.0,295.91,
2025-03-04,800.0,350.0,250.0,350.0,150.0,180.0,700.0,295.91,
2025-03-05,700.0,350.0,250.0,350.0,150.0,180.0,700.0,295.91,
2025-03-06,800.0,300.0,250.0,350.0,150.0,180.0,700.0,295.91,
2025-03-07,800.0,250.0,200.0,350.0,150.0,180.0,700.0,295.91,
2025-03-10,700.0,300.0,200.0,350.0,150.0,180.0,700.0,295.91,
2025-03-11,650.0,350.0,220.0,350.0,150.0,180.0,700.0,295.91,
2025-03-12,700.0,300.0,200.0,350.0,150.0,180.0,700.0,295.91,
2025-03-13,,,,,,,,295.91,
2025-03-14,700.0,300.0,250.0,350.0,150.0,180.0,700.0,295.91,
2025-03-17,550.0,370.0,350.0,350.0,140.0,180.0,700.0,295.91,
2025-03-18,550.0,350.0,350.0,350.0,140.0,180.0,700.0,295.91,
2025-03-19,550.0,250.0,300.0,350.0,140.0,180.0,700.0,295.91,
2025-03-20,450.0,230.0,250.0,350.0,140.0,180.0,700.0,295.91,
2025-03-21,400.0,200.0,200.0,350.0,140.0,180.0,700.0,295.91,
2025-03-24,800.0,250.0,250.0,350.0,140.0,180.0,700.0,295.91,
2025-03-25,700.0,300.0,250.0,350.0,140.0,180.0,700.0,295.91,
2025-03-26,650.0,300.0,250.0,350.0,140.0,160.0,700.0,295.91,
2025-03-27,650.0,330.0,250.0,350.0,140.0,160.0,700.0,295.91,
2025-03-28,600.0,300.0,250.0,350.0,140.0,160.0,700.0,295.91,
2025-03-31,,,,,,,,295.91,
2025-04-01,550.0,250.0,300.0,350.0,180.0,180.0,700.0,298.53,
2025-04-02,550.0,250.0,300.0,350.0,155.0,180.0,700.0,298.53,
2025-04-03,450.0,230.0,350.0,350.0,155.0,180.0,700.0,298.53,
2025-04-04,500.0,230.0,350.0,350.0,155.0,180.0,700.0,298.53,
2025-04-07,400.0,250.0,350.0,350.0,155.0,180.0,700.0,298.53,
2025-04-08,400.0,250.0,500.0,350.0,155.0,180.0,700.0,298.53,
2025-04-09,400.0,200.0,550.0,350.0,155.0,180.0,700.0,298.53,
2025-04-10,350.0,250.0,650.0,350.0,155.0,180.0,700.0,298.53,
2025-04-11,450.0,250.0,650.0,350.0,155.0,180.0,700.0,298.53,
2025-04-14,,,,,,,,298.53,
2025-04-15,,,,,,,,298.53,
2025-04-16,450.0,250.0,550.0,350.0,140.0,180.0,700.0,298.53,
2025-04-17,500.0,250.0,500.0,350.0,140.0,180.0,700.0,298.53,
2025-04-18,,,,,,,,298.53,
2025-04-21,400.0,250.0,450.0,350.0,140.0,180.0,700.0,298.53,
2025-04-22,500.0,300.0,600.0,400.0,140.0,180.0,700.0,298.53,
2025-04-23,500.0,300.0,600.0,400.0,140.0,200.0,700.0,298.53,
2025-04-24,450.0,320.0,650.0,400.0,140.0,200.0,700.0,298.53,
2025-04-25,450.0,320.0,650.0,400.0,140.0,200.0,700.0,298.53,
2025-04-28,450.0,320.0,650.0,375.0,120.0,200.0,700.0,298.53,
2025-04-29,550.0,350.0,650.0,375.0,120.0,200.0,700.0,298.53,
2025-04-30,600.0,370.0,700.0,375.0,120.0,200.0,700.0,298.53,
2025-05-01,,,,,,,,299.41,
2025-05-02,750.0,400.0,700.0,375.0,120.0,200.0,700.0,299.41,
2025-05-05,650.0,400.0,900.0,350.0,120.0,200.0,700.0,299.41,
2025-05-06,650.0,450.0,900.0,350.0,120.0,200.0,700.0,299.41,
2025-05-07,800.0,450.0,900.0,350.0,120.0,200.0,700.0,299.41,
2025-05-08,750.0,450.0,900.0,350.0,120.0,200.0,700.0,299.41,
2025-05-09,800.0,500.0,900.0,350.0,120.0,220.0,700.0,299.41,
2025-05-12,,,,,,,,299.41,
2025-05-13,,,,,,,,299.41,
2025-05-14,700.0,450.0,900.0,350.0,160.0,220.0,700.0,299.41,
2025-05-15,850.0,450.0,850.0,350.0,160.0,220.0,700.0,299.41,
2025-05-16,850.0,450.0,900.0,400.0,160.0,240.0,700.0,299.41,
2025-05-19,850.0,450.0,800.0,400.0,120.0,240.0,700.0,299.41,
2025-05-20,850.0,400.0,800.0,400.0,120.0,240.0,700.0,299.41,
2025-05-21,750.0,300.0,650.0,400.0,120.0,240.0,700.0,299.41,
2025-05-22,750.0,300.0,550.0,400.0,120.0,240.0,700.0,299.41,
2025-05-23,650.0,300.0,550.0,400.0,120.0,240.0,700.0,299.41,
2025-05-26,650.0,350.0,550.0,420.0,120.0,200.0,700.0,299.41,
2025-05-27,700.0,350.0,600.0,420.0,120.0,200.0,700.0,299.41,
2025-05-28,750.0,350.0,550.0,420.0,120.0,200.0,700.0,299.41,
2025-05-29,750.0,350.0,550.0,420.0,120.0,200.0,700.0,299.41,
2025-05-30,650.0,300.0,550.0,420.0,120.0,200.0,700.0,299.41,
2025-06-02,700.0,350.0,600.0,450.0,150.0,200.0,700.0,299.9,
2025-06-03,700.0,380.0,600.0,450.0,150.0,200.0,700.0,299.9,
2025-06-04,750.0,400.0,600.0,450.0,150.0,210.0,700.0,299.9,
2025-06-05,600.0,400.0,600.0,450.0,150.0,210.0,700.0,299.9,
2025-06-06,600.0,400.0,650.0,450.0,150.0,210.0,700.0,299.9,
2025-06-09,650.0,500.0,600.0,450.0,130.0,200.0,700.0,299.9,
2025-06-10,,,,,,,,299.9,
2025-06-11,650.0,470.0,650.0,450.0,130.0,200.0,700.0,299.9,
2025-06-12,700.0,450.0,550.0,470.0,130.0,193.0,700.0,299.9,
2025-06-13,700.0,450.0,500.0,470.0,130.0,197.0,700.0,299.9,
2025-06-16,450.0,400.0,350.0,450.0,130.0,195.0,700.0,299.9,
2025-06-17,500.0,450.0,400.0,450.0,130.0,195.0,700.0,299.9,
2025-06-18,450.0,400.0,350.0,450.0,130.0,195.0,700.0,299.9,
2025-06-19,450.0,350.0,300.0,450.0,130.0,195.0,700.0,299.9,
2025-06-20,450.0,300.0,250.0,450.0,130.0,197.0,700.0,299.9,
2025-06-23,350.0,270.0,270.0,450.0,130.0,195.0,700.0,299.9,
2025-06-24,350.0,200.0,250.0,450.0,130.0,195.0,700.0,299.9,
2025-06-25,350.0,230.0,250.0,450.0,130.0,195.0,700.0,299.9,
2025-06-26,350.0,270.0,250.0,450.0,130.0,195.0,700.0,299.9,
2025-06-27,330.0,250.0,230.0,450.0,130.0,190.0,600.0,299.9,
2025-06-30,250.0,250.0,200.0,470.0,140.0,195.0,650.0,299.9,
2025-07-01,250.0,250.0,170.0,470.0,140.0,195.0,650.0,301.12,
2025-07-02,300.0,250.0,170.0,470.0,140.0,195.0,600.0,301.12,
2025-07-03,350.0,250.0,170.0,500.0,140.0,190.0,600.0,301.12,
2025-07-04,330.0,300.0,170.0,500.0,140.0,190.0,600.0,301.12,
2025-07-07,350.0,250.0,170.0,500.0,140.0,190.0,600.0,301.12,
2025-07-08,400.0,300.0,170.0,500.0,140.0,190.0,600.0,301.12,
2025-07-09,400.0,300.0,200.0,500.0,140.0,190.0,600.0,301.12,
2025-07-10,,,,,,,,301.12,
2025-07-11,400.0,250.0,150.0,500.0,140.0,190.0,600.0,301.12,
2025-07-14,400.0,300.0,120.0,500.0,120.0,200.0,600.0,301.12,
2025-07-15,350.0,270.0,130.0,500.0,120.0,200.0,600.0,301.12,
2025-07-16,300.0,250.0,100.0,450.0,120.0,200.0,600.0,301.12,
2025-07-17,300.0,250.0,100.0,450.0,120.0,200.0,600.0,301.12,
2025-07-18,300.0,250.0,130.0,450.0,120.0,200.0,600.0,301.12,
2025-07-21,300.0,200.0,150.0,400.0,120.0,200.0,600.0,301.12,
2025-07-22,300.0,200.0,120.0,400.0,120.0,200.0,600.0,301.12,
2025-07-23,350.0,250.0,120.0,400.0,120.0,200.0,600.0,301.12,
2025-07-24,350.0,250.0,120.0,400.0,120.0,200.0,600.0,301.12,
2025-07-25,300.0,250.0,120.0,400.0,130.0,200.0,600.0,301.12,
2025-07-28,350.0,180.0,170.0,,130.0,200.0,600.0,301.12,
2025-07-29,300.0,180.0,170.0,,130.0,200.0,600.0,301.12,
2025-07-30,350.0,200.0,170.0,,130.0,200.0,600.0,301.12,
2025-07-31,350.0,200.0,170.0,,140.0,200.0,600.0,301.12,
